<?xml version="1.0" encoding="utf-8"?>
<ModelInformation Version="1.0">
  <Model>
    <P Name="SavedCharacterEncoding">windows-1250</P>
    <P Name="ScopeRefreshTime">0.035000</P>
    <P Name="OverrideScopeRefreshTime">on</P>
    <P Name="DisableAllScopes">on</P>
    <P Name="DataTypeOverride">UseLocalSettings</P>
    <P Name="DataTypeOverrideAppliesTo">AllNumericTypes</P>
    <P Name="MinMaxOverflowLogging">UseLocalSettings</P>
    <P Name="MinMaxOverflowArchiveMode">Overwrite</P>
    <P Name="FPTRunName">Run 1</P>
    <P Name="MaxMDLFileLineLength">120</P>
    <Object PropName="BdWindowsInfo" ObjectID="1" ClassName="Simulink.BDWindowsInfo">
      <Object PropName="WindowsInfo" ObjectID="2" ClassName="Simulink.WindowInfo">
        <P Name="IsActive" Class="logical">1</P>
        <P Name="Location" Class="double">[-7.0, 0.0, 974.0, 1047.0]</P>
        <Object PropName="ModelBrowserInfo" ObjectID="3" ClassName="Simulink.ModelBrowserInfo">
          <P Name="Visible" Class="logical">0</P>
          <P Name="DockPosition" Class="char">Left</P>
          <P Name="Width" Class="int32">50</P>
          <P Name="Height" Class="int32">50</P>
          <P Name="Filter" Class="int32">9</P>
        </Object>
        <Object PropName="ExplorerBarInfo" ObjectID="4" ClassName="Simulink.ExplorerBarInfo">
          <P Name="Visible" Class="logical">1</P>
        </Object>
        <Object PropName="EditorsInfo" ObjectID="5" ClassName="Simulink.EditorInfo">
          <P Name="IsActive" Class="logical">1</P>
          <P Name="ViewObjType" Class="char">SimulinkTopLevel</P>
          <P Name="LoadSaveID" Class="char">0</P>
          <P Name="Extents" Class="double">[924.0, 872.0]</P>
          <P Name="ZoomFactor" Class="double">1.5</P>
          <P Name="Offset" Class="double">[37.333333333332853, -91.842857142860822]</P>
        </Object>
      </Object>
    </Object>
    <ConfigManagerSettings>
      <P Name="UpdateHistory">UpdateHistoryNever</P>
      <P Name="ModifiedByFormat">%&lt;Auto&gt;</P>
      <P Name="ModifiedDateFormat">%&lt;Auto&gt;</P>
      <P Name="RTWModifiedTimeStamp">382542197</P>
      <P Name="ModelVersionFormat">1.%&lt;AutoIncrement:9&gt;</P>
    </ConfigManagerSettings>
    <EditorSettings>
      <P Name="SampleTimeColors">off</P>
      <P Name="SampleTimeAnnotations">off</P>
      <P Name="LibraryLinkDisplay">disabled</P>
      <P Name="WideLines">off</P>
      <P Name="ShowLineDimensions">off</P>
      <P Name="ShowPortDataTypes">off</P>
      <P Name="ShowDesignRanges">off</P>
      <P Name="ShowLoopsOnError">on</P>
      <P Name="IgnoreBidirectionalLines">off</P>
      <P Name="ShowStorageClass">off</P>
      <P Name="ShowTestPointIcons">on</P>
      <P Name="ShowSignalResolutionIcons">on</P>
      <P Name="ShowViewerIcons">on</P>
      <P Name="SortedOrder">off</P>
      <P Name="ExecutionContextIcon">off</P>
      <P Name="ShowLinearizationAnnotations">on</P>
      <P Name="ShowMarkup">on</P>
      <P Name="BlockNameDataTip">off</P>
      <P Name="BlockParametersDataTip">off</P>
      <P Name="BlockDescriptionStringDataTip">off</P>
      <P Name="ToolBar">on</P>
      <P Name="StatusBar">on</P>
      <P Name="BrowserShowLibraryLinks">off</P>
      <P Name="BrowserLookUnderMasks">off</P>
    </EditorSettings>
    <SimulationSettings>
      <P Name="SimulationMode">normal</P>
      <P Name="PauseTimes">5</P>
      <P Name="NumberOfSteps">1</P>
      <P Name="SnapshotBufferSize">10</P>
      <P Name="SnapshotInterval">10</P>
      <P Name="NumberOfLastSnapshots">0</P>
      <P Name="LinearizationMsg">none</P>
      <P Name="Profile">off</P>
      <P Name="ParamWorkspaceSource">MATLABWorkspace</P>
      <P Name="AccelSystemTargetFile">accel.tlc</P>
      <P Name="AccelTemplateMakefile">accel_default_tmf</P>
      <P Name="AccelMakeCommand">make_rtw</P>
      <P Name="TryForcingSFcnDF">off</P>
      <Object PropName="DataLoggingOverride" ObjectID="6" ClassName="Simulink.SimulationData.ModelLoggingInfo">
        <P Name="model_" Class="char">Model_simulink_dyskretny_no_torque</P>
        <P Name="overrideMode_" Class="uint32">0U</P>
        <Array PropName="logAsSpecifiedByModels_" Type="Cell" Dimension="1*1">
          <Cell Class="char">Model_simulink_dyskretny_no_torque</Cell>
        </Array>
        <Array PropName="logAsSpecifiedByModelsSSIDs_" Type="Cell" Dimension="1*1">
          <Cell Class="double">[]</Cell>
        </Array>
      </Object>
    </SimulationSettings>
    <Verification>
      <P Name="RecordCoverage">off</P>
      <P Name="CovPath">/</P>
      <P Name="CovSaveName">covdata</P>
      <P Name="CovMetricSettings">dw</P>
      <P Name="CovNameIncrementing">off</P>
      <P Name="CovHtmlReporting">on</P>
      <P Name="CovForceBlockReductionOff">on</P>
      <P Name="CovEnableCumulative">on</P>
      <P Name="covSaveCumulativeToWorkspaceVar">on</P>
      <P Name="CovSaveSingleToWorkspaceVar">on</P>
      <P Name="CovCumulativeVarName">covCumulativeData</P>
      <P Name="CovCumulativeReport">off</P>
      <P Name="CovReportOnPause">on</P>
      <P Name="CovModelRefEnable">Off</P>
      <P Name="CovExternalEMLEnable">off</P>
      <P Name="CovSFcnEnable">on</P>
      <P Name="CovBoundaryAbsTol">0.000010</P>
      <P Name="CovBoundaryRelTol">0.010000</P>
      <P Name="CovUseTimeInterval">off</P>
      <P Name="CovStartTime">0</P>
      <P Name="CovStopTime">0</P>
    </Verification>
    <ExternalMode>
      <P Name="ExtModeBatchMode">off</P>
      <P Name="ExtModeEnableFloating">on</P>
      <P Name="ExtModeTrigType">manual</P>
      <P Name="ExtModeTrigMode">normal</P>
      <P Name="ExtModeTrigPort">1</P>
      <P Name="ExtModeTrigElement">any</P>
      <P Name="ExtModeTrigDuration">1000</P>
      <P Name="ExtModeTrigDurationFloating">auto</P>
      <P Name="ExtModeTrigHoldOff">0</P>
      <P Name="ExtModeTrigDelay">0</P>
      <P Name="ExtModeTrigDirection">rising</P>
      <P Name="ExtModeTrigLevel">0</P>
      <P Name="ExtModeArchiveMode">off</P>
      <P Name="ExtModeAutoIncOneShot">off</P>
      <P Name="ExtModeIncDirWhenArm">off</P>
      <P Name="ExtModeAddSuffixToVar">off</P>
      <P Name="ExtModeWriteAllDataToWs">off</P>
      <P Name="ExtModeArmWhenConnect">on</P>
      <P Name="ExtModeSkipDownloadWhenConnect">off</P>
      <P Name="ExtModeLogAll">on</P>
      <P Name="ExtModeAutoUpdateStatusClock">on</P>
    </ExternalMode>
    <ModelReferenceSettings>
      <P Name="ShowModelReferenceBlockVersion">off</P>
      <P Name="ShowModelReferenceBlockIO">off</P>
    </ModelReferenceSettings>
    <ConcurrentExecutionSettings>
      <Object PropName="DataTransfer" ObjectID="7" ClassName="Simulink.GlobalDataTransfer">
        <P Name="DefaultTransitionBetweenSyncTasks" Class="char">Ensure deterministic transfer (maximum delay)</P>
        <P Name="DefaultTransitionBetweenAsyncTasks" Class="char">Ensure data integrity only</P>
        <P Name="DefaultTransitionBetweenContTasks" Class="char">Ensure deterministic transfer (minimum delay)</P>
        <P Name="DefaultExtrapolationMethodBetweenContTasks" Class="char">None</P>
        <P Name="AutoInsertRateTranBlk" Class="logical">0</P>
      </Object>
      <P Name="ExplicitPartitioning">off</P>
    </ConcurrentExecutionSettings>
    <SystemDefaults>
      <P Name="PaperOrientation">landscape</P>
      <P Name="PaperPositionMode">auto</P>
      <P Name="PaperType">A4</P>
      <P Name="PaperUnits">centimeters</P>
      <P Name="TiledPaperMargins">[1.270000, 1.270000, 1.270000, 1.270000]</P>
      <P Name="TiledPageScale">1</P>
      <P Name="ShowPageBoundaries">off</P>
      <P Name="ModelBrowserVisibility">off</P>
      <P Name="ModelBrowserWidth">200</P>
      <P Name="ScreenColor">white</P>
    </SystemDefaults>
    <BlockDefaults>
      <P Name="ForegroundColor">black</P>
      <P Name="BackgroundColor">white</P>
      <P Name="DropShadow">off</P>
      <P Name="NamePlacement">normal</P>
      <P Name="FontName">Helvetica</P>
      <P Name="FontSize">10</P>
      <P Name="FontWeight">normal</P>
      <P Name="FontAngle">normal</P>
      <P Name="ShowName">on</P>
      <P Name="BlockRotation">0</P>
      <P Name="BlockMirror">off</P>
    </BlockDefaults>
    <AnnotationDefaults>
      <P Name="HorizontalAlignment">center</P>
      <P Name="VerticalAlignment">middle</P>
      <P Name="ForegroundColor">black</P>
      <P Name="BackgroundColor">white</P>
      <P Name="DropShadow">off</P>
      <P Name="FontName">Helvetica</P>
      <P Name="FontSize">10</P>
      <P Name="FontWeight">normal</P>
      <P Name="FontAngle">normal</P>
      <P Name="UseDisplayTextAsClickCallback">off</P>
    </AnnotationDefaults>
    <LineDefaults>
      <P Name="FontName">Helvetica</P>
      <P Name="FontSize">9</P>
      <P Name="FontWeight">normal</P>
      <P Name="FontAngle">normal</P>
    </LineDefaults>
    <MaskDefaults>
      <P Name="SelfModifiable">off</P>
      <P Name="IconFrame">on</P>
      <P Name="IconOpaque">on</P>
      <P Name="RunInitForIconRedraw">off</P>
      <P Name="IconRotate">none</P>
      <P Name="PortRotate">default</P>
      <P Name="IconUnits">autoscale</P>
    </MaskDefaults>
    <MaskParameterDefaults>
      <P Name="Evaluate">on</P>
      <P Name="Tunable">on</P>
      <P Name="NeverSave">off</P>
      <P Name="Internal">off</P>
      <P Name="ReadOnly">off</P>
      <P Name="Enabled">on</P>
      <P Name="Visible">on</P>
      <P Name="ToolTip">on</P>
    </MaskParameterDefaults>
    <BlockParameterDefaults>
      <Block BlockType="Constant">
        <P Name="Value">1</P>
        <P Name="VectorParams1D">on</P>
        <P Name="SamplingMode">Sample based</P>
        <P Name="OutMin">[]</P>
        <P Name="OutMax">[]</P>
        <P Name="OutDataTypeStr">Inherit: Inherit from &apos;Constant value&apos;</P>
        <P Name="LockScale">off</P>
        <P Name="SampleTime">inf</P>
        <P Name="FramePeriod">inf</P>
        <P Name="PreserveConstantTs">off</P>
      </Block>
      <Block BlockType="Gain">
        <P Name="Gain">1</P>
        <P Name="Multiplication">Element-wise(K.*u)</P>
        <P Name="ParamMin">[]</P>
        <P Name="ParamMax">[]</P>
        <P Name="ParamDataTypeStr">Inherit: Same as input</P>
        <P Name="OutMin">[]</P>
        <P Name="OutMax">[]</P>
        <P Name="OutDataTypeStr">Inherit: Same as input</P>
        <P Name="LockScale">off</P>
        <P Name="RndMeth">Floor</P>
        <P Name="SaturateOnIntegerOverflow">on</P>
        <P Name="SampleTime">-1</P>
      </Block>
      <Block BlockType="Inport">
        <P Name="Port">1</P>
        <P Name="OutputFunctionCall">off</P>
        <P Name="OutMin">[]</P>
        <P Name="OutMax">[]</P>
        <P Name="OutDataTypeStr">Inherit: auto</P>
        <P Name="LockScale">off</P>
        <P Name="BusOutputAsStruct">off</P>
        <P Name="PortDimensions">-1</P>
        <P Name="VarSizeSig">Inherit</P>
        <P Name="SampleTime">-1</P>
        <P Name="SignalType">auto</P>
        <P Name="SamplingMode">auto</P>
        <P Name="LatchByDelayingOutsideSignal">off</P>
        <P Name="LatchInputForFeedbackSignals">off</P>
        <P Name="Interpolate">on</P>
      </Block>
      <Block BlockType="Mux">
        <P Name="Inputs">4</P>
        <P Name="DisplayOption">none</P>
        <P Name="UseBusObject">off</P>
        <P Name="BusObject">BusObject</P>
        <P Name="NonVirtualBus">off</P>
      </Block>
      <Block BlockType="Outport">
        <P Name="Port">1</P>
        <P Name="OutMin">[]</P>
        <P Name="OutMax">[]</P>
        <P Name="OutDataTypeStr">Inherit: auto</P>
        <P Name="LockScale">off</P>
        <P Name="BusOutputAsStruct">off</P>
        <P Name="PortDimensions">-1</P>
        <P Name="VarSizeSig">Inherit</P>
        <P Name="SampleTime">-1</P>
        <P Name="SignalType">auto</P>
        <P Name="SamplingMode">auto</P>
        <P Name="SourceOfInitialOutputValue">Dialog</P>
        <P Name="OutputWhenDisabled">held</P>
        <P Name="InitialOutput">[]</P>
      </Block>
      <Block BlockType="Quantizer">
        <P Name="QuantizationInterval">0.5</P>
        <P Name="LinearizeAsGain">on</P>
        <P Name="SampleTime">-1</P>
      </Block>
      <Block BlockType="Saturate">
        <P Name="UpperLimitSource">Dialog</P>
        <P Name="UpperLimit">0.5</P>
        <P Name="LowerLimitSource">Dialog</P>
        <P Name="LowerLimit">-0.5</P>
        <P Name="LinearizeAsGain">on</P>
        <P Name="ZeroCross">on</P>
        <P Name="SampleTime">-1</P>
        <P Name="OutMin">[]</P>
        <P Name="OutMax">[]</P>
        <P Name="OutDataTypeStr">Inherit: Same as input</P>
        <P Name="LockScale">off</P>
        <P Name="RndMeth">Floor</P>
      </Block>
      <Block BlockType="Scope">
        <P Name="ModelBased">off</P>
        <P Name="TickLabels">OneTimeTick</P>
        <P Name="ZoomMode">on</P>
        <P Name="Grid">on</P>
        <P Name="ShowLegends">off</P>
        <P Name="TimeRange">auto</P>
        <P Name="YMin">-5</P>
        <P Name="YMax">5</P>
        <P Name="SaveToWorkspace">off</P>
        <P Name="SaveName">ScopeData</P>
        <P Name="DataFormat">Array</P>
        <P Name="LimitDataPoints">on</P>
        <P Name="MaxDataPoints">5000</P>
        <P Name="Decimation">1</P>
        <P Name="SampleInput">off</P>
        <P Name="SampleTime">-1</P>
        <P Name="ScrollMode">off</P>
      </Block>
      <Block BlockType="Step">
        <P Name="Time">1</P>
        <P Name="Before">0</P>
        <P Name="After">1</P>
        <P Name="SampleTime">-1</P>
        <P Name="VectorParams1D">on</P>
        <P Name="ZeroCross">on</P>
      </Block>
      <Block BlockType="SubSystem">
        <P Name="ShowPortLabels">FromPortIcon</P>
        <P Name="Permissions">ReadWrite</P>
        <P Name="PermitHierarchicalResolution">All</P>
        <P Name="TreatAsAtomicUnit">off</P>
        <P Name="MinAlgLoopOccurrences">off</P>
        <P Name="PropExecContextOutsideSubsystem">off</P>
        <P Name="CheckFcnCallInpInsideContextMsg">off</P>
        <P Name="SystemSampleTime">-1</P>
        <P Name="RTWSystemCode">Auto</P>
        <P Name="RTWFcnNameOpts">Auto</P>
        <P Name="RTWFileNameOpts">Auto</P>
        <P Name="FunctionInterfaceSpec">void_void</P>
        <P Name="FunctionWithSeparateData">off</P>
        <P Name="RTWMemSecFuncInitTerm">Inherit from model</P>
        <P Name="RTWMemSecFuncExecute">Inherit from model</P>
        <P Name="RTWMemSecDataConstants">Inherit from model</P>
        <P Name="RTWMemSecDataInternal">Inherit from model</P>
        <P Name="RTWMemSecDataParameters">Inherit from model</P>
        <P Name="SimViewingDevice">off</P>
        <P Name="DataTypeOverride">UseLocalSettings</P>
        <P Name="DataTypeOverrideAppliesTo">AllNumericTypes</P>
        <P Name="MinMaxOverflowLogging">UseLocalSettings</P>
        <P Name="Opaque">off</P>
        <P Name="MaskHideContents">off</P>
        <P Name="SFBlockType">NONE</P>
        <P Name="Variant">off</P>
        <P Name="GeneratePreprocessorConditionals">off</P>
        <P Name="ContentPreviewEnabled">off</P>
        <P Name="IsWebBlock">off</P>
      </Block>
      <Block BlockType="Sum">
        <P Name="IconShape">rectangular</P>
        <P Name="Inputs">++</P>
        <P Name="CollapseMode">All dimensions</P>
        <P Name="CollapseDim">1</P>
        <P Name="InputSameDT">on</P>
        <P Name="AccumDataTypeStr">Inherit: Inherit via internal rule</P>
        <P Name="OutMin">[]</P>
        <P Name="OutMax">[]</P>
        <P Name="OutDataTypeStr">Inherit: Same as first input</P>
        <P Name="LockScale">off</P>
        <P Name="RndMeth">Floor</P>
        <P Name="SaturateOnIntegerOverflow">on</P>
        <P Name="SampleTime">-1</P>
      </Block>
      <Block BlockType="ToWorkspace">
        <P Name="VariableName">simulink_output</P>
        <P Name="MaxDataPoints">1000</P>
        <P Name="Decimation">1</P>
        <P Name="SaveFormat">Array</P>
        <P Name="Save2DSignal">Inherit from input (this choice will be removed - see release notes)</P>
        <P Name="FixptAsFi">off</P>
        <P Name="NumInputs">1</P>
        <P Name="SampleTime">0</P>
      </Block>
      <Block BlockType="TransferFcn">
        <P Name="Numerator">[1]</P>
        <P Name="Denominator">[1 2 1]</P>
        <P Name="AbsoluteTolerance">auto</P>
        <P Name="ContinuousStateAttributes">&apos;&apos;</P>
        <P Name="Realization">auto</P>
      </Block>
      <Block BlockType="UnitDelay">
        <P Name="InitialCondition">0</P>
        <P Name="InputProcessing">Inherited</P>
        <P Name="SampleTime">1</P>
        <P Name="StateMustResolveToSignalObject">off</P>
        <P Name="CodeGenStateStorageClass">Auto</P>
        <P Name="HasFrameUpgradeWarning">on</P>
      </Block>
      <Block BlockType="ZeroOrderHold">
        <P Name="SampleTime">1</P>
      </Block>
    </BlockParameterDefaults>
    <System>
      <P Name="Location">[-7, 0, 967, 1047]</P>
      <P Name="Open">on</P>
      <P Name="TiledPaperMargins">[1.270000, 1.270000, 1.270000, 1.270000]</P>
      <P Name="ZoomFactor">150</P>
      <P Name="ReportName">simulink-default.rpt</P>
      <P Name="SIDHighWatermark">89</P>
      <Block BlockType="Gain" Name="Gain2" SID="59">
        <P Name="Position">[1120, 47, 1165, 83]</P>
        <P Name="ZOrder">60</P>
        <P Name="Gain">psi</P>
        <P Name="ParamDataTypeStr">Inherit: Inherit via internal rule</P>
        <P Name="OutDataTypeStr">Inherit: Inherit via internal rule</P>
        <P Name="SaturateOnIntegerOverflow">off</P>
      </Block>
      <Block BlockType="Saturate" Name="Kp_sat1" SID="62">
        <P Name="Ports">[1, 1]</P>
        <P Name="Position">[860, 45, 890, 75]</P>
        <P Name="ZOrder">55</P>
        <P Name="InputPortMap">u0</P>
        <P Name="UpperLimit">1.5*Un</P>
        <P Name="LowerLimit">-1.5*Un</P>
        <Port>
          <P Name="PortNumber">1</P>
          <P Name="Name">Us</P>
          <P Name="RTWStorageClass">Auto</P>
          <P Name="DataLoggingNameMode">SignalName</P>
        </Port>
      </Block>
      <Block BlockType="Gain" Name="Kt1" SID="63">
        <P Name="Position">[710, 330, 740, 360]</P>
        <P Name="ZOrder">68</P>
        <P Name="BlockMirror">on</P>
        <P Name="NamePlacement">alternate</P>
        <P Name="Gain">Kt</P>
        <P Name="ParamDataTypeStr">Inherit: Inherit via internal rule</P>
        <P Name="OutDataTypeStr">Inherit: Inherit via internal rule</P>
        <P Name="SaturateOnIntegerOverflow">off</P>
      </Block>
      <Block BlockType="ToWorkspace" Name="Model_simulink_pulse_Torque" SID="64">
        <P Name="Ports">[1]</P>
        <P Name="Position">[1565, 492, 1645, 528]</P>
        <P Name="ZOrder">67</P>
        <P Name="VariableName">discrete_no_Torque</P>
        <P Name="MaxDataPoints">inf</P>
        <P Name="SaveFormat">Structure With Time</P>
        <P Name="SampleTime">Tp</P>
      </Block>
      <Block BlockType="Mux" Name="Mux" SID="65">
        <P Name="Ports">[5, 1]</P>
        <P Name="Position">[1495, 463, 1500, 557]</P>
        <P Name="ZOrder">71</P>
        <P Name="ShowName">off</P>
        <P Name="Inputs">5</P>
        <P Name="DisplayOption">bar</P>
      </Block>
      <Block BlockType="Mux" Name="Mux2" SID="66">
        <P Name="Ports">[2, 1]</P>
        <P Name="Position">[1280, 271, 1285, 309]</P>
        <P Name="ZOrder">66</P>
        <P Name="ShowName">off</P>
        <P Name="Inputs">2</P>
        <P Name="DisplayOption">bar</P>
        <Port>
          <P Name="PortNumber">1</P>
          <P Name="Name">Is+Is*Lambda</P>
          <P Name="RTWStorageClass">Auto</P>
          <P Name="DataLoggingNameMode">SignalName</P>
        </Port>
      </Block>
      <Block BlockType="Constant" Name="Prąd dopuszczalny1" SID="67">
        <P Name="Position">[1145, 382, 1205, 428]</P>
        <P Name="ZOrder">70</P>
        <P Name="Value">In*Lambda</P>
      </Block>
      <Block BlockType="Quantizer" Name="Quantizer" SID="87">
        <P Name="Position">[530, 265, 560, 295]</P>
        <P Name="ZOrder">78</P>
        <P Name="BlockMirror">on</P>
        <P Name="NamePlacement">alternate</P>
        <P Name="QuantizationInterval">Q</P>
      </Block>
      <Block BlockType="Quantizer" Name="Quantizer1" SID="88">
        <P Name="Position">[530, 330, 560, 360]</P>
        <P Name="ZOrder">79</P>
        <P Name="BlockMirror">on</P>
        <P Name="NamePlacement">alternate</P>
        <P Name="QuantizationInterval">Q</P>
      </Block>
      <Block BlockType="Quantizer" Name="Quantizer2" SID="89">
        <P Name="Position">[140, 35, 170, 65]</P>
        <P Name="ZOrder">80</P>
        <P Name="QuantizationInterval">Q</P>
      </Block>
      <Block BlockType="Scope" Name="Scope1" SID="70">
        <P Name="Ports">[4]</P>
        <P Name="Position">[1530, 161, 1605, 294]</P>
        <P Name="ZOrder">64</P>
        <P Name="Floating">off</P>
        <P Name="Location">[1, 48, 1281, 759]</P>
        <P Name="Open">off</P>
        <P Name="NumInputPorts">4</P>
        <P Name="ZoomMode">yonly</P>
        <List ListType="AxesTitles">
          <P Name="axes1">%&lt;SignalLabel&gt;</P>
          <P Name="axes2">%&lt;SignalLabel&gt;</P>
          <P Name="axes3">%&lt;SignalLabel&gt;</P>
          <P Name="axes4">%&lt;SignalLabel&gt;</P>
        </List>
        <List ListType="ScopeGraphics">
          <P Name="FigureColor">[0.501960784313725 0.501960784313725 0.501960784313725]</P>
          <P Name="AxesColor">[0 0 0]</P>
          <P Name="AxesTickColor">[1 1 1]</P>
          <P Name="LineColors">[1 1 0;1 0 1;0 1 1;1 0 0;0 1 0;0 0 1]</P>
          <P Name="LineStyles">-|-|-|-|-|-</P>
          <P Name="LineWidths">[0.5 0.5 0.5 0.5 0.5 0.5]</P>
          <P Name="MarkerStyles">none|none|none|none|none|none</P>
        </List>
        <P Name="TimeRange">20</P>
        <P Name="YMin">-5~-5~-5~-5</P>
        <P Name="YMax">5~5~5~5</P>
        <P Name="SaveName">ScopeData1</P>
        <P Name="DataFormat">StructureWithTime</P>
        <P Name="LimitDataPoints">off</P>
        <P Name="SampleTime">0</P>
      </Block>
      <Block BlockType="TransferFcn" Name="Silnik2" SID="71">
        <P Name="Position">[1015, 47, 1075, 83]</P>
        <P Name="ZOrder">59</P>
        <P Name="Numerator">[1/Rt]</P>
        <P Name="Denominator">[T 1]</P>
        <Port>
          <P Name="PortNumber">1</P>
          <P Name="Name">Is</P>
          <P Name="RTWStorageClass">Auto</P>
          <P Name="DataLoggingNameMode">SignalName</P>
        </Port>
      </Block>
      <Block BlockType="TransferFcn" Name="Silnik3" SID="72">
        <P Name="Position">[1265, 52, 1325, 88]</P>
        <P Name="ZOrder">62</P>
        <P Name="Numerator">1</P>
        <P Name="Denominator">[J 0]</P>
        <Port>
          <P Name="PortNumber">1</P>
          <P Name="Name">Omega</P>
          <P Name="RTWStorageClass">Auto</P>
          <P Name="DataLoggingNameMode">SignalName</P>
        </Port>
      </Block>
      <Block BlockType="Step" Name="Step" SID="73">
        <P Name="Position">[1120, 120, 1150, 150]</P>
        <P Name="ZOrder">72</P>
        <P Name="After">0</P>
        <P Name="SampleTime">0</P>
      </Block>
      <Block BlockType="SubSystem" Name="Subsystem" SID="39">
        <P Name="Ports">[1, 1]</P>
        <P Name="Position">[650, 30, 690, 90]</P>
        <P Name="ZOrder">73</P>
        <P Name="RequestExecContextInheritance">off</P>
        <System>
          <P Name="Location">[-8, 0, 1924, 1056]</P>
          <P Name="Open">off</P>
          <P Name="TiledPaperMargins">[1.270000, 1.270000, 1.270000, 1.270000]</P>
          <P Name="ZoomFactor">125</P>
          <Block BlockType="Inport" Name="In1" SID="40">
            <P Name="Position">[20, 33, 50, 47]</P>
            <P Name="ZOrder">17</P>
            <P Name="IconDisplay">Port number</P>
          </Block>
          <Block BlockType="Sum" Name="Add" SID="43">
            <P Name="Ports">[3, 1]</P>
            <P Name="Position">[290, 31, 310, 89]</P>
            <P Name="ZOrder">20</P>
            <P Name="Inputs">+++</P>
            <P Name="InputSameDT">off</P>
            <P Name="OutDataTypeStr">Inherit: Inherit via internal rule</P>
            <P Name="SaturateOnIntegerOverflow">off</P>
          </Block>
          <Block BlockType="Gain" Name="Gain4" SID="15">
            <P Name="Position">[95, 100, 125, 130]</P>
            <P Name="ZOrder">15</P>
            <P Name="Gain">K4</P>
            <P Name="ParamDataTypeStr">Inherit: Inherit via internal rule</P>
            <P Name="OutDataTypeStr">Inherit: Inherit via internal rule</P>
            <P Name="SaturateOnIntegerOverflow">off</P>
          </Block>
          <Block BlockType="Saturate" Name="Ograniczenie" SID="44">
            <P Name="Ports">[1, 1]</P>
            <P Name="Position">[340, 45, 370, 75]</P>
            <P Name="ZOrder">21</P>
            <P Name="InputPortMap">u0</P>
            <P Name="UpperLimit">10</P>
            <P Name="LowerLimit">-10</P>
          </Block>
          <Block BlockType="Gain" Name="Wzmocnienie" SID="10">
            <P Name="Position">[90, 20, 135, 60]</P>
            <P Name="ZOrder">10</P>
            <P Name="Gain">K3</P>
            <P Name="ParamDataTypeStr">Inherit: Inherit via internal rule</P>
            <P Name="OutDataTypeStr">Inherit: Inherit via internal rule</P>
            <P Name="SaturateOnIntegerOverflow">off</P>
          </Block>
          <Block BlockType="UnitDelay" Name="z1" SID="42">
            <P Name="Position">[155, 98, 190, 132]</P>
            <P Name="ZOrder">19</P>
            <P Name="InputProcessing">Elements as channels (sample based)</P>
            <P Name="SampleTime">Tp</P>
          </Block>
          <Block BlockType="UnitDelay" Name="z2" SID="45">
            <P Name="Position">[340, 108, 375, 142]</P>
            <P Name="ZOrder">22</P>
            <P Name="BlockMirror">on</P>
            <P Name="InputProcessing">Elements as channels (sample based)</P>
            <P Name="SampleTime">Tp</P>
          </Block>
          <Block BlockType="Outport" Name="Out1" SID="41">
            <P Name="Position">[455, 53, 485, 67]</P>
            <P Name="ZOrder">18</P>
            <P Name="IconDisplay">Port number</P>
          </Block>
          <Line>
            <P Name="ZOrder">1</P>
            <P Name="Src">40#out:1</P>
            <P Name="Points">[17, 0]</P>
            <Branch>
              <P Name="ZOrder">2</P>
              <P Name="Points">[0, 75]</P>
              <P Name="Dst">15#in:1</P>
            </Branch>
            <Branch>
              <P Name="ZOrder">3</P>
              <P Name="Dst">10#in:1</P>
            </Branch>
          </Line>
          <Line>
            <P Name="ZOrder">4</P>
            <P Name="Src">10#out:1</P>
            <P Name="Dst">43#in:1</P>
          </Line>
          <Line>
            <P Name="ZOrder">5</P>
            <P Name="Src">15#out:1</P>
            <P Name="Dst">42#in:1</P>
          </Line>
          <Line>
            <P Name="ZOrder">6</P>
            <P Name="Src">42#out:1</P>
            <P Name="Points">[23, 0; 0, -55]</P>
            <P Name="Dst">43#in:2</P>
          </Line>
          <Line>
            <P Name="ZOrder">7</P>
            <P Name="Src">43#out:1</P>
            <P Name="Dst">44#in:1</P>
          </Line>
          <Line>
            <P Name="ZOrder">8</P>
            <P Name="Src">44#out:1</P>
            <P Name="Points">[15, 0]</P>
            <Branch>
              <P Name="ZOrder">9</P>
              <P Name="Dst">41#in:1</P>
            </Branch>
            <Branch>
              <P Name="ZOrder">10</P>
              <P Name="Dst">45#in:1</P>
            </Branch>
          </Line>
          <Line>
            <P Name="ZOrder">11</P>
            <P Name="Src">45#out:1</P>
            <P Name="Points">[-105, 0; 0, -45]</P>
            <P Name="Dst">43#in:3</P>
          </Line>
        </System>
      </Block>
      <Block BlockType="SubSystem" Name="Subsystem1" SID="46">
        <P Name="Ports">[1, 1]</P>
        <P Name="Position">[305, 25, 345, 85]</P>
        <P Name="ZOrder">74</P>
        <P Name="RequestExecContextInheritance">off</P>
        <System>
          <P Name="Location">[-8, 0, 1924, 1056]</P>
          <P Name="Open">off</P>
          <P Name="TiledPaperMargins">[1.270000, 1.270000, 1.270000, 1.270000]</P>
          <P Name="ZoomFactor">125</P>
          <Block BlockType="Inport" Name="In1" SID="47">
            <P Name="Position">[20, 33, 50, 47]</P>
            <P Name="ZOrder">17</P>
            <P Name="IconDisplay">Port number</P>
          </Block>
          <Block BlockType="Sum" Name="Add" SID="48">
            <P Name="Ports">[3, 1]</P>
            <P Name="Position">[290, 31, 310, 89]</P>
            <P Name="ZOrder">20</P>
            <P Name="Inputs">+++</P>
            <P Name="InputSameDT">off</P>
            <P Name="OutDataTypeStr">Inherit: Inherit via internal rule</P>
            <P Name="SaturateOnIntegerOverflow">off</P>
          </Block>
          <Block BlockType="Gain" Name="Gain4" SID="49">
            <P Name="Position">[95, 100, 125, 130]</P>
            <P Name="ZOrder">15</P>
            <P Name="Gain">K2</P>
            <P Name="ParamDataTypeStr">Inherit: Inherit via internal rule</P>
            <P Name="OutDataTypeStr">Inherit: Inherit via internal rule</P>
            <P Name="SaturateOnIntegerOverflow">off</P>
          </Block>
          <Block BlockType="Saturate" Name="Ograniczenie" SID="50">
            <P Name="Ports">[1, 1]</P>
            <P Name="Position">[340, 45, 370, 75]</P>
            <P Name="ZOrder">21</P>
            <P Name="InputPortMap">u0</P>
            <P Name="UpperLimit">10</P>
            <P Name="LowerLimit">-10</P>
          </Block>
          <Block BlockType="Gain" Name="Wzmocnienie" SID="51">
            <P Name="Position">[90, 20, 135, 60]</P>
            <P Name="ZOrder">10</P>
            <P Name="Gain">K1</P>
            <P Name="ParamDataTypeStr">Inherit: Inherit via internal rule</P>
            <P Name="OutDataTypeStr">Inherit: Inherit via internal rule</P>
            <P Name="SaturateOnIntegerOverflow">off</P>
          </Block>
          <Block BlockType="UnitDelay" Name="z1" SID="52">
            <P Name="Position">[155, 98, 190, 132]</P>
            <P Name="ZOrder">19</P>
            <P Name="InputProcessing">Elements as channels (sample based)</P>
            <P Name="SampleTime">Tp</P>
          </Block>
          <Block BlockType="UnitDelay" Name="z2" SID="53">
            <P Name="Position">[340, 108, 375, 142]</P>
            <P Name="ZOrder">22</P>
            <P Name="BlockMirror">on</P>
            <P Name="InputProcessing">Elements as channels (sample based)</P>
            <P Name="SampleTime">Tp</P>
          </Block>
          <Block BlockType="Outport" Name="Out1" SID="54">
            <P Name="Position">[455, 53, 485, 67]</P>
            <P Name="ZOrder">18</P>
            <P Name="IconDisplay">Port number</P>
          </Block>
          <Line>
            <P Name="ZOrder">1</P>
            <P Name="Src">47#out:1</P>
            <P Name="Points">[17, 0]</P>
            <Branch>
              <P Name="ZOrder">2</P>
              <P Name="Points">[0, 75]</P>
              <P Name="Dst">49#in:1</P>
            </Branch>
            <Branch>
              <P Name="ZOrder">3</P>
              <P Name="Dst">51#in:1</P>
            </Branch>
          </Line>
          <Line>
            <P Name="ZOrder">4</P>
            <P Name="Src">51#out:1</P>
            <P Name="Dst">48#in:1</P>
          </Line>
          <Line>
            <P Name="ZOrder">5</P>
            <P Name="Src">49#out:1</P>
            <P Name="Dst">52#in:1</P>
          </Line>
          <Line>
            <P Name="ZOrder">6</P>
            <P Name="Src">52#out:1</P>
            <P Name="Points">[23, 0; 0, -55]</P>
            <P Name="Dst">48#in:2</P>
          </Line>
          <Line>
            <P Name="ZOrder">7</P>
            <P Name="Src">48#out:1</P>
            <P Name="Dst">50#in:1</P>
          </Line>
          <Line>
            <P Name="ZOrder">8</P>
            <P Name="Src">50#out:1</P>
            <P Name="Points">[15, 0]</P>
            <Branch>
              <P Name="ZOrder">9</P>
              <P Name="Dst">54#in:1</P>
            </Branch>
            <Branch>
              <P Name="ZOrder">10</P>
              <P Name="Dst">53#in:1</P>
            </Branch>
          </Line>
          <Line>
            <P Name="ZOrder">11</P>
            <P Name="Src">53#out:1</P>
            <P Name="Points">[-105, 0; 0, -45]</P>
            <P Name="Dst">48#in:3</P>
          </Line>
        </System>
      </Block>
      <Block BlockType="Sum" Name="Subtract4" SID="74">
        <P Name="Ports">[2, 1]</P>
        <P Name="Position">[220, 44, 240, 66]</P>
        <P Name="ZOrder">44</P>
        <P Name="Inputs">+-</P>
        <P Name="InputSameDT">off</P>
        <P Name="OutDataTypeStr">Inherit: Inherit via internal rule</P>
        <P Name="SaturateOnIntegerOverflow">off</P>
      </Block>
      <Block BlockType="Sum" Name="Subtract5" SID="75">
        <P Name="Ports">[2, 1]</P>
        <P Name="Position">[940, 54, 960, 76]</P>
        <P Name="ZOrder">58</P>
        <P Name="Inputs">+-</P>
        <P Name="InputSameDT">off</P>
        <P Name="OutDataTypeStr">Inherit: Inherit via internal rule</P>
        <P Name="SaturateOnIntegerOverflow">off</P>
      </Block>
      <Block BlockType="Sum" Name="Subtract6" SID="76">
        <P Name="Ports">[2, 1]</P>
        <P Name="Position">[535, 49, 555, 71]</P>
        <P Name="ZOrder">50</P>
        <P Name="Inputs">+-</P>
        <P Name="InputSameDT">off</P>
        <P Name="OutDataTypeStr">Inherit: Inherit via internal rule</P>
        <P Name="SaturateOnIntegerOverflow">off</P>
      </Block>
      <Block BlockType="Sum" Name="Subtract7" SID="77">
        <P Name="Ports">[2, 1]</P>
        <P Name="Position">[1195, 59, 1215, 81]</P>
        <P Name="ZOrder">61</P>
        <P Name="Inputs">+-</P>
        <P Name="InputSameDT">off</P>
        <P Name="OutDataTypeStr">Inherit: Inherit via internal rule</P>
        <P Name="SaturateOnIntegerOverflow">off</P>
      </Block>
      <Block BlockType="Saturate" Name="Uz1" SID="80">
        <P Name="Ports">[1, 1]</P>
        <P Name="Position">[455, 40, 485, 70]</P>
        <P Name="ZOrder">46</P>
        <P Name="InputPortMap">u0</P>
        <P Name="UpperLimit">Uz0</P>
        <P Name="LowerLimit">-Uz0</P>
        <Port>
          <P Name="PortNumber">1</P>
          <P Name="Name">Napięcie sterownika prądu</P>
          <P Name="RTWStorageClass">Auto</P>
          <P Name="DataLoggingNameMode">SignalName</P>
        </Port>
      </Block>
      <Block BlockType="Gain" Name="Wzm.1" SID="81">
        <P Name="Position">[795, 45, 825, 75]</P>
        <P Name="ZOrder">54</P>
        <P Name="Gain">Kp</P>
        <P Name="ParamDataTypeStr">Inherit: Inherit via internal rule</P>
        <P Name="OutDataTypeStr">Inherit: Inherit via internal rule</P>
        <P Name="SaturateOnIntegerOverflow">off</P>
      </Block>
      <Block BlockType="Gain" Name="Y1" SID="82">
        <P Name="Position">[710, 265, 740, 295]</P>
        <P Name="ZOrder">65</P>
        <P Name="BlockMirror">on</P>
        <P Name="NamePlacement">alternate</P>
        <P Name="Gain">Y</P>
        <P Name="ParamDataTypeStr">Inherit: Inherit via internal rule</P>
        <P Name="OutDataTypeStr">Inherit: Inherit via internal rule</P>
        <P Name="SaturateOnIntegerOverflow">off</P>
      </Block>
      <Block BlockType="ZeroOrderHold" Name="Zero-Order&#xA;Hold" SID="37">
        <P Name="Position">[80, 35, 115, 65]</P>
        <P Name="ZOrder">77</P>
        <P Name="SampleTime">Tp</P>
      </Block>
      <Block BlockType="ZeroOrderHold" Name="Zero-Order&#xA;Hold1" SID="38">
        <P Name="Position">[585, 332, 630, 358]</P>
        <P Name="ZOrder">76</P>
        <P Name="BlockMirror">on</P>
        <P Name="SampleTime">Tp</P>
      </Block>
      <Block BlockType="ZeroOrderHold" Name="Zero-Order&#xA;Hold2" SID="56">
        <P Name="Position">[585, 267, 630, 293]</P>
        <P Name="ZOrder">75</P>
        <P Name="BlockMirror">on</P>
        <P Name="SampleTime">Tp</P>
      </Block>
      <Block BlockType="Gain" Name="strumien1" SID="85">
        <P Name="Position">[1120, 185, 1150, 215]</P>
        <P Name="ZOrder">63</P>
        <P Name="BlockMirror">on</P>
        <P Name="NamePlacement">alternate</P>
        <P Name="Gain">psi</P>
        <P Name="ParamDataTypeStr">Inherit: Inherit via internal rule</P>
        <P Name="OutDataTypeStr">Inherit: Inherit via internal rule</P>
        <P Name="SaturateOnIntegerOverflow">off</P>
      </Block>
      <Block BlockType="Step" Name="w_ref Kt1" SID="86">
        <P Name="Position">[20, 35, 50, 65]</P>
        <P Name="ZOrder">43</P>
        <P Name="Time">0</P>
        <P Name="After">wn*Kt</P>
        <P Name="SampleTime">0</P>
      </Block>
      <Line>
        <P Name="ZOrder">90</P>
        <P Name="Src">86#out:1</P>
        <P Name="Dst">37#in:1</P>
      </Line>
      <Line>
        <P Name="ZOrder">96</P>
        <P Name="Src">81#out:1</P>
        <P Name="Dst">62#in:1</P>
      </Line>
      <Line>
        <P Name="ZOrder">98</P>
        <P Name="Src">75#out:1</P>
        <P Name="Dst">71#in:1</P>
      </Line>
      <Line>
        <P Name="Name">Is</P>
        <P Name="ZOrder">104</P>
        <P Name="Src">71#out:1</P>
        <P Name="Points">[14, 0]</P>
        <Branch>
          <P Name="ZOrder">103</P>
          <P Name="Points">[0, 215]</P>
          <Branch>
            <P Name="ZOrder">102</P>
            <P Name="Labels">[2, 1]</P>
            <P Name="Points">[0, 250]</P>
            <P Name="Dst">65#in:4</P>
          </Branch>
          <Branch>
            <P Name="ZOrder">101</P>
            <P Name="Dst">82#in:1</P>
          </Branch>
          <Branch>
            <P Name="ZOrder">100</P>
            <P Name="Dst">66#in:1</P>
          </Branch>
        </Branch>
        <Branch>
          <P Name="ZOrder">99</P>
          <P Name="Dst">59#in:1</P>
        </Branch>
      </Line>
      <Line>
        <P Name="ZOrder">105</P>
        <P Name="Src">59#out:1</P>
        <P Name="Dst">77#in:1</P>
      </Line>
      <Line>
        <P Name="ZOrder">106</P>
        <P Name="Src">77#out:1</P>
        <P Name="Dst">72#in:1</P>
      </Line>
      <Line>
        <P Name="ZOrder">107</P>
        <P Name="Src">85#out:1</P>
        <P Name="Points">[-197, 0; 0, -130]</P>
        <P Name="Dst">75#in:2</P>
      </Line>
      <Line>
        <P Name="Name">Us</P>
        <P Name="ZOrder">112</P>
        <P Name="Src">62#out:1</P>
        <P Name="Points">[11, 0]</P>
        <Branch>
          <P Name="ZOrder">111</P>
          <P Name="Points">[0, 108]</P>
          <Branch>
            <P Name="ZOrder">110</P>
            <P Name="Labels">[2, 1]</P>
            <P Name="Points">[0, 302]</P>
            <P Name="Dst">65#in:1</P>
          </Branch>
          <Branch>
            <P Name="ZOrder">109</P>
            <P Name="Points">[604, 0; 0, 7]</P>
            <P Name="Dst">70#in:1</P>
          </Branch>
        </Branch>
        <Branch>
          <P Name="ZOrder">108</P>
          <P Name="Dst">75#in:1</P>
        </Branch>
      </Line>
      <Line>
        <P Name="ZOrder">113</P>
        <P Name="Src">82#out:1</P>
        <P Name="Dst">56#in:1</P>
      </Line>
      <Line>
        <P Name="Name">Is+Is*Lambda</P>
        <P Name="ZOrder">116</P>
        <P Name="Src">66#out:1</P>
        <P Name="Points">[74, 0]</P>
        <Branch>
          <P Name="ZOrder">115</P>
          <P Name="Labels">[2, 1]</P>
          <P Name="Points">[0, 260]</P>
          <P Name="Dst">65#in:5</P>
        </Branch>
        <Branch>
          <P Name="ZOrder">114</P>
          <P Name="Points">[0, -80]</P>
          <P Name="Dst">70#in:2</P>
        </Branch>
      </Line>
      <Line>
        <P Name="ZOrder">117</P>
        <P Name="Src">67#out:1</P>
        <P Name="Points">[5, 0; 0, -105]</P>
        <P Name="Dst">66#in:2</P>
      </Line>
      <Line>
        <P Name="Name">Napięcie sterownika prądu</P>
        <P Name="ZOrder">121</P>
        <P Name="Src">80#out:1</P>
        <P Name="Points">[18, 0]</P>
        <Branch>
          <P Name="ZOrder">120</P>
          <P Name="Labels">[2, 1]</P>
          <P Name="Points">[0, 435]</P>
          <P Name="Dst">65#in:2</P>
        </Branch>
        <Branch>
          <P Name="ZOrder">119</P>
          <P Name="Points">[0, -36; 965, 0; 0, 261]</P>
          <P Name="Dst">70#in:4</P>
        </Branch>
        <Branch>
          <P Name="ZOrder">118</P>
          <P Name="Dst">76#in:1</P>
        </Branch>
      </Line>
      <Line>
        <P Name="Name">Omega</P>
        <P Name="ZOrder">128</P>
        <P Name="Src">72#out:1</P>
        <P Name="Points">[78, 0; 0, 130]</P>
        <Branch>
          <P Name="ZOrder">127</P>
          <P Name="Points">[0, 45]</P>
          <Branch>
            <P Name="ZOrder">126</P>
            <P Name="Points">[0, 100]</P>
            <Branch>
              <P Name="ZOrder">125</P>
              <P Name="Labels">[2, 1]</P>
              <P Name="Points">[0, 165]</P>
              <P Name="Dst">65#in:3</P>
            </Branch>
            <Branch>
              <P Name="ZOrder">124</P>
              <P Name="Dst">63#in:1</P>
            </Branch>
          </Branch>
          <Branch>
            <P Name="ZOrder">123</P>
            <P Name="Dst">70#in:3</P>
          </Branch>
        </Branch>
        <Branch>
          <P Name="ZOrder">122</P>
          <P Name="Dst">85#in:1</P>
        </Branch>
      </Line>
      <Line>
        <P Name="ZOrder">129</P>
        <P Name="Src">63#out:1</P>
        <P Name="Dst">38#in:1</P>
      </Line>
      <Line>
        <P Name="ZOrder">140</P>
        <P Name="Src">73#out:1</P>
        <P Name="Points">[21, 0; 0, -60]</P>
        <P Name="Dst">77#in:2</P>
      </Line>
      <Line>
        <P Name="ZOrder">141</P>
        <P Name="Src">65#out:1</P>
        <P Name="Dst">64#in:1</P>
      </Line>
      <Line>
        <P Name="ZOrder">142</P>
        <P Name="Src">39#out:1</P>
        <P Name="Dst">81#in:1</P>
      </Line>
      <Line>
        <P Name="ZOrder">143</P>
        <P Name="Src">76#out:1</P>
        <P Name="Dst">39#in:1</P>
      </Line>
      <Line>
        <P Name="ZOrder">144</P>
        <P Name="Src">46#out:1</P>
        <P Name="Dst">80#in:1</P>
      </Line>
      <Line>
        <P Name="ZOrder">145</P>
        <P Name="Src">74#out:1</P>
        <P Name="Dst">46#in:1</P>
      </Line>
      <Line>
        <P Name="ZOrder">147</P>
        <P Name="Src">56#out:1</P>
        <P Name="Dst">87#in:1</P>
      </Line>
      <Line>
        <P Name="ZOrder">149</P>
        <P Name="Src">38#out:1</P>
        <P Name="Dst">88#in:1</P>
      </Line>
      <Line>
        <P Name="ZOrder">150</P>
        <P Name="Src">37#out:1</P>
        <P Name="Dst">89#in:1</P>
      </Line>
      <Line>
        <P Name="ZOrder">151</P>
        <P Name="Src">87#out:1</P>
        <P Name="Points">[-12, 0; 0, -215]</P>
        <P Name="Dst">76#in:2</P>
      </Line>
      <Line>
        <P Name="ZOrder">152</P>
        <P Name="Src">88#out:1</P>
        <P Name="Points">[-339, 0; 0, -285]</P>
        <P Name="Dst">74#in:2</P>
      </Line>
      <Line>
        <P Name="ZOrder">153</P>
        <P Name="Src">89#out:1</P>
        <P Name="Dst">74#in:1</P>
      </Line>
    </System>
  </Model>
</ModelInformation>
