<?xml version="1.0" encoding="UTF-8" standalone="yes" ?><cp:coreProperties xmlns:cp="http://schemas.openxmlformats.org/package/2006/metadata/core-properties" xmlns:dc="http://purl.org/dc/elements/1.1/" xmlns:dcmitype="http://purl.org/dc/dcmitype/" xmlns:dcterms="http://purl.org/dc/terms/" xmlns:xsi="http://www.w3.org/2001/XMLSchema-instance"><cp:category>Model</cp:category><dcterms:created xsi:type="dcterms:W3CDTF">2016-03-23T12:39:20Z</dcterms:created><dc:creator>user</dc:creator><dc:description></dc:description><cp:lastModifiedBy>Admin</cp:lastModifiedBy><dcterms:modified xsi:type="dcterms:W3CDTF">2017-05-30T10:59:33Z</dcterms:modified><cp:revision>1.62</cp:revision><cp:version>R2015a</cp:version></cp:coreProperties>