<?xml version="1.0" encoding="utf-8"?>
<ModelInformation Version="1.0">
  <Model>
    <P Name="SavedCharacterEncoding">windows-1250</P>
    <P Name="ScopeRefreshTime">0.035000</P>
    <P Name="OverrideScopeRefreshTime">on</P>
    <P Name="DisableAllScopes">on</P>
    <P Name="DataTypeOverride">UseLocalSettings</P>
    <P Name="DataTypeOverrideAppliesTo">AllNumericTypes</P>
    <P Name="MinMaxOverflowLogging">UseLocalSettings</P>
    <P Name="MinMaxOverflowArchiveMode">Overwrite</P>
    <P Name="FPTRunName">Run 1</P>
    <P Name="MaxMDLFileLineLength">120</P>
    <Object PropName="BdWindowsInfo" ObjectID="1" ClassName="Simulink.BDWindowsInfo">
      <Object PropName="WindowsInfo" ObjectID="2" ClassName="Simulink.WindowInfo">
        <P Name="IsActive" Class="logical">1</P>
        <P Name="Location" Class="double">[-8.0, -8.0, 1936.0, 1056.0]</P>
        <Object PropName="ModelBrowserInfo" ObjectID="3" ClassName="Simulink.ModelBrowserInfo">
          <P Name="Visible" Class="logical">0</P>
          <P Name="DockPosition" Class="char">Left</P>
          <P Name="Width" Class="int32">50</P>
          <P Name="Height" Class="int32">50</P>
          <P Name="Filter" Class="int32">9</P>
        </Object>
        <Object PropName="ExplorerBarInfo" ObjectID="4" ClassName="Simulink.ExplorerBarInfo">
          <P Name="Visible" Class="logical">1</P>
        </Object>
        <Object PropName="EditorsInfo" ObjectID="5" ClassName="Simulink.EditorInfo">
          <P Name="IsActive" Class="logical">1</P>
          <P Name="ViewObjType" Class="char">SimulinkTopLevel</P>
          <P Name="LoadSaveID" Class="char">0</P>
          <P Name="Extents" Class="double">[1886.0, 881.0]</P>
          <P Name="ZoomFactor" Class="double">1.0</P>
          <P Name="Offset" Class="double">[1.4290067866396612, 85.0]</P>
        </Object>
      </Object>
    </Object>
    <ConfigManagerSettings>
      <P Name="UpdateHistory">UpdateHistoryNever</P>
      <P Name="ModifiedByFormat">%&lt;Auto&gt;</P>
      <P Name="ModifiedDateFormat">%&lt;Auto&gt;</P>
      <P Name="RTWModifiedTimeStamp">382542493</P>
      <P Name="ModelVersionFormat">1.%&lt;AutoIncrement:12&gt;</P>
    </ConfigManagerSettings>
    <EditorSettings>
      <P Name="SampleTimeColors">off</P>
      <P Name="SampleTimeAnnotations">off</P>
      <P Name="LibraryLinkDisplay">disabled</P>
      <P Name="WideLines">off</P>
      <P Name="ShowLineDimensions">off</P>
      <P Name="ShowPortDataTypes">off</P>
      <P Name="ShowDesignRanges">off</P>
      <P Name="ShowLoopsOnError">on</P>
      <P Name="IgnoreBidirectionalLines">off</P>
      <P Name="ShowStorageClass">off</P>
      <P Name="ShowTestPointIcons">on</P>
      <P Name="ShowSignalResolutionIcons">on</P>
      <P Name="ShowViewerIcons">on</P>
      <P Name="SortedOrder">off</P>
      <P Name="ExecutionContextIcon">off</P>
      <P Name="ShowLinearizationAnnotations">on</P>
      <P Name="ShowMarkup">on</P>
      <P Name="BlockNameDataTip">off</P>
      <P Name="BlockParametersDataTip">off</P>
      <P Name="BlockDescriptionStringDataTip">off</P>
      <P Name="ToolBar">on</P>
      <P Name="StatusBar">on</P>
      <P Name="BrowserShowLibraryLinks">off</P>
      <P Name="BrowserLookUnderMasks">off</P>
    </EditorSettings>
    <SimulationSettings>
      <P Name="SimulationMode">normal</P>
      <P Name="PauseTimes">5</P>
      <P Name="NumberOfSteps">1</P>
      <P Name="SnapshotBufferSize">10</P>
      <P Name="SnapshotInterval">10</P>
      <P Name="NumberOfLastSnapshots">0</P>
      <P Name="LinearizationMsg">none</P>
      <P Name="Profile">off</P>
      <P Name="ParamWorkspaceSource">MATLABWorkspace</P>
      <P Name="AccelSystemTargetFile">accel.tlc</P>
      <P Name="AccelTemplateMakefile">accel_default_tmf</P>
      <P Name="AccelMakeCommand">make_rtw</P>
      <P Name="TryForcingSFcnDF">off</P>
      <Object PropName="DataLoggingOverride" ObjectID="6" ClassName="Simulink.SimulationData.ModelLoggingInfo">
        <P Name="model_" Class="char">Model_simulink_no_Torque</P>
        <P Name="overrideMode_" Class="uint32">0U</P>
        <Array PropName="logAsSpecifiedByModels_" Type="Cell" Dimension="1*1">
          <Cell Class="char">Model_simulink_no_Torque</Cell>
        </Array>
        <Array PropName="logAsSpecifiedByModelsSSIDs_" Type="Cell" Dimension="1*1">
          <Cell Class="double">[]</Cell>
        </Array>
      </Object>
    </SimulationSettings>
    <Verification>
      <P Name="RecordCoverage">off</P>
      <P Name="CovPath">/</P>
      <P Name="CovSaveName">covdata</P>
      <P Name="CovMetricSettings">dw</P>
      <P Name="CovNameIncrementing">off</P>
      <P Name="CovHtmlReporting">on</P>
      <P Name="CovForceBlockReductionOff">on</P>
      <P Name="CovEnableCumulative">on</P>
      <P Name="covSaveCumulativeToWorkspaceVar">on</P>
      <P Name="CovSaveSingleToWorkspaceVar">on</P>
      <P Name="CovCumulativeVarName">covCumulativeData</P>
      <P Name="CovCumulativeReport">off</P>
      <P Name="CovReportOnPause">on</P>
      <P Name="CovModelRefEnable">Off</P>
      <P Name="CovExternalEMLEnable">off</P>
      <P Name="CovSFcnEnable">on</P>
      <P Name="CovBoundaryAbsTol">0.000010</P>
      <P Name="CovBoundaryRelTol">0.010000</P>
      <P Name="CovUseTimeInterval">off</P>
      <P Name="CovStartTime">0</P>
      <P Name="CovStopTime">0</P>
    </Verification>
    <ExternalMode>
      <P Name="ExtModeBatchMode">off</P>
      <P Name="ExtModeEnableFloating">on</P>
      <P Name="ExtModeTrigType">manual</P>
      <P Name="ExtModeTrigMode">normal</P>
      <P Name="ExtModeTrigPort">1</P>
      <P Name="ExtModeTrigElement">any</P>
      <P Name="ExtModeTrigDuration">1000</P>
      <P Name="ExtModeTrigDurationFloating">auto</P>
      <P Name="ExtModeTrigHoldOff">0</P>
      <P Name="ExtModeTrigDelay">0</P>
      <P Name="ExtModeTrigDirection">rising</P>
      <P Name="ExtModeTrigLevel">0</P>
      <P Name="ExtModeArchiveMode">off</P>
      <P Name="ExtModeAutoIncOneShot">off</P>
      <P Name="ExtModeIncDirWhenArm">off</P>
      <P Name="ExtModeAddSuffixToVar">off</P>
      <P Name="ExtModeWriteAllDataToWs">off</P>
      <P Name="ExtModeArmWhenConnect">on</P>
      <P Name="ExtModeSkipDownloadWhenConnect">off</P>
      <P Name="ExtModeLogAll">on</P>
      <P Name="ExtModeAutoUpdateStatusClock">on</P>
    </ExternalMode>
    <ModelReferenceSettings>
      <P Name="ShowModelReferenceBlockVersion">off</P>
      <P Name="ShowModelReferenceBlockIO">off</P>
    </ModelReferenceSettings>
    <ConcurrentExecutionSettings>
      <Object PropName="DataTransfer" ObjectID="7" ClassName="Simulink.GlobalDataTransfer">
        <P Name="DefaultTransitionBetweenSyncTasks" Class="char">Ensure deterministic transfer (maximum delay)</P>
        <P Name="DefaultTransitionBetweenAsyncTasks" Class="char">Ensure data integrity only</P>
        <P Name="DefaultTransitionBetweenContTasks" Class="char">Ensure deterministic transfer (minimum delay)</P>
        <P Name="DefaultExtrapolationMethodBetweenContTasks" Class="char">None</P>
        <P Name="AutoInsertRateTranBlk" Class="logical">0</P>
      </Object>
      <P Name="ExplicitPartitioning">off</P>
    </ConcurrentExecutionSettings>
    <SystemDefaults>
      <P Name="PaperOrientation">landscape</P>
      <P Name="PaperPositionMode">auto</P>
      <P Name="PaperType">A4</P>
      <P Name="PaperUnits">centimeters</P>
      <P Name="TiledPaperMargins">[1.270000, 1.270000, 1.270000, 1.270000]</P>
      <P Name="TiledPageScale">1</P>
      <P Name="ShowPageBoundaries">off</P>
      <P Name="ModelBrowserVisibility">off</P>
      <P Name="ModelBrowserWidth">200</P>
      <P Name="ScreenColor">white</P>
    </SystemDefaults>
    <BlockDefaults>
      <P Name="ForegroundColor">black</P>
      <P Name="BackgroundColor">white</P>
      <P Name="DropShadow">off</P>
      <P Name="NamePlacement">normal</P>
      <P Name="FontName">Helvetica</P>
      <P Name="FontSize">10</P>
      <P Name="FontWeight">normal</P>
      <P Name="FontAngle">normal</P>
      <P Name="ShowName">on</P>
      <P Name="BlockRotation">0</P>
      <P Name="BlockMirror">off</P>
    </BlockDefaults>
    <AnnotationDefaults>
      <P Name="HorizontalAlignment">center</P>
      <P Name="VerticalAlignment">middle</P>
      <P Name="ForegroundColor">black</P>
      <P Name="BackgroundColor">white</P>
      <P Name="DropShadow">off</P>
      <P Name="FontName">Helvetica</P>
      <P Name="FontSize">10</P>
      <P Name="FontWeight">normal</P>
      <P Name="FontAngle">normal</P>
      <P Name="UseDisplayTextAsClickCallback">off</P>
    </AnnotationDefaults>
    <LineDefaults>
      <P Name="FontName">Helvetica</P>
      <P Name="FontSize">9</P>
      <P Name="FontWeight">normal</P>
      <P Name="FontAngle">normal</P>
    </LineDefaults>
    <MaskDefaults>
      <P Name="SelfModifiable">off</P>
      <P Name="IconFrame">on</P>
      <P Name="IconOpaque">on</P>
      <P Name="RunInitForIconRedraw">off</P>
      <P Name="IconRotate">none</P>
      <P Name="PortRotate">default</P>
      <P Name="IconUnits">autoscale</P>
    </MaskDefaults>
    <MaskParameterDefaults>
      <P Name="Evaluate">on</P>
      <P Name="Tunable">on</P>
      <P Name="NeverSave">off</P>
      <P Name="Internal">off</P>
      <P Name="ReadOnly">off</P>
      <P Name="Enabled">on</P>
      <P Name="Visible">on</P>
      <P Name="ToolTip">on</P>
    </MaskParameterDefaults>
    <BlockParameterDefaults>
      <Block BlockType="Constant">
        <P Name="Value">1</P>
        <P Name="VectorParams1D">on</P>
        <P Name="SamplingMode">Sample based</P>
        <P Name="OutMin">[]</P>
        <P Name="OutMax">[]</P>
        <P Name="OutDataTypeStr">Inherit: Inherit from &apos;Constant value&apos;</P>
        <P Name="LockScale">off</P>
        <P Name="SampleTime">inf</P>
        <P Name="FramePeriod">inf</P>
        <P Name="PreserveConstantTs">off</P>
      </Block>
      <Block BlockType="Gain">
        <P Name="Gain">1</P>
        <P Name="Multiplication">Element-wise(K.*u)</P>
        <P Name="ParamMin">[]</P>
        <P Name="ParamMax">[]</P>
        <P Name="ParamDataTypeStr">Inherit: Same as input</P>
        <P Name="OutMin">[]</P>
        <P Name="OutMax">[]</P>
        <P Name="OutDataTypeStr">Inherit: Same as input</P>
        <P Name="LockScale">off</P>
        <P Name="RndMeth">Floor</P>
        <P Name="SaturateOnIntegerOverflow">on</P>
        <P Name="SampleTime">-1</P>
      </Block>
      <Block BlockType="Integrator">
        <P Name="ExternalReset">none</P>
        <P Name="InitialConditionSource">internal</P>
        <P Name="InitialCondition">0</P>
        <P Name="LimitOutput">off</P>
        <P Name="UpperSaturationLimit">inf</P>
        <P Name="LowerSaturationLimit">-inf</P>
        <P Name="WrapState">off</P>
        <P Name="WrappedStateUpperValue">pi</P>
        <P Name="WrappedStateLowerValue">-pi</P>
        <P Name="ShowSaturationPort">off</P>
        <P Name="ShowStatePort">off</P>
        <P Name="AbsoluteTolerance">auto</P>
        <P Name="IgnoreLimit">off</P>
        <P Name="ZeroCross">on</P>
        <P Name="ContinuousStateAttributes">&apos;&apos;</P>
      </Block>
      <Block BlockType="Mux">
        <P Name="Inputs">4</P>
        <P Name="DisplayOption">none</P>
        <P Name="UseBusObject">off</P>
        <P Name="BusObject">BusObject</P>
        <P Name="NonVirtualBus">off</P>
      </Block>
      <Block BlockType="Saturate">
        <P Name="UpperLimitSource">Dialog</P>
        <P Name="UpperLimit">0.5</P>
        <P Name="LowerLimitSource">Dialog</P>
        <P Name="LowerLimit">-0.5</P>
        <P Name="LinearizeAsGain">on</P>
        <P Name="ZeroCross">on</P>
        <P Name="SampleTime">-1</P>
        <P Name="OutMin">[]</P>
        <P Name="OutMax">[]</P>
        <P Name="OutDataTypeStr">Inherit: Same as input</P>
        <P Name="LockScale">off</P>
        <P Name="RndMeth">Floor</P>
      </Block>
      <Block BlockType="Scope">
        <P Name="ModelBased">off</P>
        <P Name="TickLabels">OneTimeTick</P>
        <P Name="ZoomMode">on</P>
        <P Name="Grid">on</P>
        <P Name="ShowLegends">off</P>
        <P Name="TimeRange">auto</P>
        <P Name="YMin">-5</P>
        <P Name="YMax">5</P>
        <P Name="SaveToWorkspace">off</P>
        <P Name="SaveName">ScopeData</P>
        <P Name="DataFormat">Array</P>
        <P Name="LimitDataPoints">on</P>
        <P Name="MaxDataPoints">5000</P>
        <P Name="Decimation">1</P>
        <P Name="SampleInput">off</P>
        <P Name="SampleTime">-1</P>
        <P Name="ScrollMode">off</P>
      </Block>
      <Block BlockType="Step">
        <P Name="Time">1</P>
        <P Name="Before">0</P>
        <P Name="After">1</P>
        <P Name="SampleTime">-1</P>
        <P Name="VectorParams1D">on</P>
        <P Name="ZeroCross">on</P>
      </Block>
      <Block BlockType="Sum">
        <P Name="IconShape">rectangular</P>
        <P Name="Inputs">++</P>
        <P Name="CollapseMode">All dimensions</P>
        <P Name="CollapseDim">1</P>
        <P Name="InputSameDT">on</P>
        <P Name="AccumDataTypeStr">Inherit: Inherit via internal rule</P>
        <P Name="OutMin">[]</P>
        <P Name="OutMax">[]</P>
        <P Name="OutDataTypeStr">Inherit: Same as first input</P>
        <P Name="LockScale">off</P>
        <P Name="RndMeth">Floor</P>
        <P Name="SaturateOnIntegerOverflow">on</P>
        <P Name="SampleTime">-1</P>
      </Block>
      <Block BlockType="ToWorkspace">
        <P Name="VariableName">simulink_output</P>
        <P Name="MaxDataPoints">1000</P>
        <P Name="Decimation">1</P>
        <P Name="SaveFormat">Array</P>
        <P Name="Save2DSignal">Inherit from input (this choice will be removed - see release notes)</P>
        <P Name="FixptAsFi">off</P>
        <P Name="NumInputs">1</P>
        <P Name="SampleTime">0</P>
      </Block>
      <Block BlockType="TransferFcn">
        <P Name="Numerator">[1]</P>
        <P Name="Denominator">[1 2 1]</P>
        <P Name="AbsoluteTolerance">auto</P>
        <P Name="ContinuousStateAttributes">&apos;&apos;</P>
        <P Name="Realization">auto</P>
      </Block>
    </BlockParameterDefaults>
    <System>
      <P Name="Location">[-8, -8, 1928, 1048]</P>
      <P Name="Open">on</P>
      <P Name="TiledPaperMargins">[1.270000, 1.270000, 1.270000, 1.270000]</P>
      <P Name="ZoomFactor">100</P>
      <P Name="ReportName">simulink-default.rpt</P>
      <P Name="SIDHighWatermark">41</P>
      <Block BlockType="Gain" Name="Gain1" SID="8">
        <P Name="Position">[165, 179, 215, 221]</P>
        <P Name="ZOrder">8</P>
        <P Name="Gain">Kw/TR</P>
        <P Name="ParamDataTypeStr">Inherit: Inherit via internal rule</P>
        <P Name="OutDataTypeStr">Inherit: Inherit via internal rule</P>
        <P Name="SaturateOnIntegerOverflow">off</P>
      </Block>
      <Block BlockType="Gain" Name="Gain4" SID="15">
        <P Name="Position">[460, 200, 490, 230]</P>
        <P Name="ZOrder">15</P>
        <P Name="Gain">1/V</P>
        <P Name="ParamDataTypeStr">Inherit: Inherit via internal rule</P>
        <P Name="OutDataTypeStr">Inherit: Inherit via internal rule</P>
        <P Name="SaturateOnIntegerOverflow">off</P>
      </Block>
      <Block BlockType="Gain" Name="Gain5" SID="20">
        <P Name="Position">[985, 127, 1030, 163]</P>
        <P Name="ZOrder">20</P>
        <P Name="Gain">psi</P>
        <P Name="ParamDataTypeStr">Inherit: Inherit via internal rule</P>
        <P Name="OutDataTypeStr">Inherit: Inherit via internal rule</P>
        <P Name="SaturateOnIntegerOverflow">off</P>
      </Block>
      <Block BlockType="Integrator" Name="Integrator" SID="6">
        <P Name="Ports">[1, 1]</P>
        <P Name="Position">[230, 185, 260, 215]</P>
        <P Name="ZOrder">6</P>
        <P Name="LimitOutput">on</P>
        <P Name="UpperSaturationLimit">10</P>
        <P Name="LowerSaturationLimit">-10</P>
      </Block>
      <Block BlockType="Integrator" Name="Integrator&#xA;" SID="16">
        <P Name="Ports">[1, 1]</P>
        <P Name="Position">[520, 200, 550, 230]</P>
        <P Name="ZOrder">16</P>
        <P Name="LimitOutput">on</P>
        <P Name="UpperSaturationLimit">10</P>
        <P Name="LowerSaturationLimit">-10</P>
      </Block>
      <Block BlockType="Saturate" Name="Kp_sat" SID="14">
        <P Name="Ports">[1, 1]</P>
        <P Name="Position">[725, 125, 755, 155]</P>
        <P Name="ZOrder">14</P>
        <P Name="InputPortMap">u0</P>
        <P Name="UpperLimit">1.5*Un</P>
        <P Name="LowerLimit">-1.5*Un</P>
        <Port>
          <P Name="PortNumber">1</P>
          <P Name="Name">Us</P>
          <P Name="RTWStorageClass">Auto</P>
          <P Name="DataLoggingNameMode">SignalName</P>
        </Port>
      </Block>
      <Block BlockType="Gain" Name="Kt" SID="34">
        <P Name="Position">[575, 410, 605, 440]</P>
        <P Name="ZOrder">34</P>
        <P Name="BlockMirror">on</P>
        <P Name="NamePlacement">alternate</P>
        <P Name="Gain">Kt</P>
        <P Name="ParamDataTypeStr">Inherit: Inherit via internal rule</P>
        <P Name="OutDataTypeStr">Inherit: Inherit via internal rule</P>
        <P Name="SaturateOnIntegerOverflow">off</P>
      </Block>
      <Block BlockType="ToWorkspace" Name="Model_simulink_pulse_Torque" SID="30">
        <P Name="Ports">[1]</P>
        <P Name="Position">[1430, 572, 1510, 608]</P>
        <P Name="ZOrder">30</P>
        <P Name="VariableName">no_Torque</P>
        <P Name="MaxDataPoints">inf</P>
        <P Name="SaveFormat">Structure With Time</P>
        <P Name="SampleTime">-1</P>
      </Block>
      <Block BlockType="Mux" Name="Mux" SID="40">
        <P Name="Ports">[5, 1]</P>
        <P Name="Position">[1360, 543, 1365, 637]</P>
        <P Name="ZOrder">40</P>
        <P Name="ShowName">off</P>
        <P Name="Inputs">5</P>
        <P Name="DisplayOption">bar</P>
      </Block>
      <Block BlockType="Mux" Name="Mux1" SID="29">
        <P Name="Ports">[2, 1]</P>
        <P Name="Position">[1145, 351, 1150, 389]</P>
        <P Name="ZOrder">29</P>
        <P Name="ShowName">off</P>
        <P Name="Inputs">2</P>
        <P Name="DisplayOption">bar</P>
        <Port>
          <P Name="PortNumber">1</P>
          <P Name="Name">Is+Is*Lambda</P>
          <P Name="RTWStorageClass">Auto</P>
          <P Name="DataLoggingNameMode">SignalName</P>
        </Port>
      </Block>
      <Block BlockType="Constant" Name="Prąd dopuszczalny" SID="36">
        <P Name="Position">[1010, 462, 1070, 508]</P>
        <P Name="ZOrder">36</P>
        <P Name="Value">In*Lambda</P>
      </Block>
      <Block BlockType="Saturate" Name="Sat" SID="35">
        <P Name="Ports">[1, 1]</P>
        <P Name="Position">[200, 120, 230, 150]</P>
        <P Name="ZOrder">35</P>
        <P Name="InputPortMap">u0</P>
        <P Name="UpperLimit">10</P>
        <P Name="LowerLimit">-10</P>
      </Block>
      <Block BlockType="Saturate" Name="Saturation 2" SID="11">
        <P Name="Ports">[1, 1]</P>
        <P Name="Position">[520, 125, 550, 155]</P>
        <P Name="ZOrder">11</P>
        <P Name="InputPortMap">u0</P>
        <P Name="UpperLimit">10</P>
        <P Name="LowerLimit">-10</P>
      </Block>
      <Block BlockType="Scope" Name="Scope" SID="25">
        <P Name="Ports">[4]</P>
        <P Name="Position">[1395, 241, 1470, 374]</P>
        <P Name="ZOrder">25</P>
        <P Name="Floating">off</P>
        <P Name="Location">[11, 60, 1291, 771]</P>
        <P Name="Open">on</P>
        <P Name="NumInputPorts">4</P>
        <P Name="ZoomMode">yonly</P>
        <List ListType="AxesTitles">
          <P Name="axes1">%&lt;SignalLabel&gt;</P>
          <P Name="axes2">%&lt;SignalLabel&gt;</P>
          <P Name="axes3">%&lt;SignalLabel&gt;</P>
          <P Name="axes4">%&lt;SignalLabel&gt;</P>
        </List>
        <List ListType="ScopeGraphics">
          <P Name="FigureColor">[0.501960784313725 0.501960784313725 0.501960784313725]</P>
          <P Name="AxesColor">[0 0 0]</P>
          <P Name="AxesTickColor">[1 1 1]</P>
          <P Name="LineColors">[1 1 0;1 0 1;0 1 1;1 0 0;0 1 0;0 0 1]</P>
          <P Name="LineStyles">-|-|-|-|-|-</P>
          <P Name="LineWidths">[0.5 0.5 0.5 0.5 0.5 0.5]</P>
          <P Name="MarkerStyles">none|none|none|none|none|none</P>
        </List>
        <P Name="TimeRange">20</P>
        <P Name="YMin">-5~-5~-5~-5</P>
        <P Name="YMax">5~5~5~5</P>
        <P Name="DataFormat">StructureWithTime</P>
        <P Name="LimitDataPoints">off</P>
        <P Name="SampleTime">0</P>
      </Block>
      <Block BlockType="TransferFcn" Name="Silnik" SID="19">
        <P Name="Position">[880, 127, 940, 163]</P>
        <P Name="ZOrder">19</P>
        <P Name="Numerator">[1/Rt]</P>
        <P Name="Denominator">[T 1]</P>
        <Port>
          <P Name="PortNumber">1</P>
          <P Name="Name">Is</P>
          <P Name="RTWStorageClass">Auto</P>
          <P Name="DataLoggingNameMode">SignalName</P>
        </Port>
      </Block>
      <Block BlockType="TransferFcn" Name="Silnik1" SID="22">
        <P Name="Position">[1130, 132, 1190, 168]</P>
        <P Name="ZOrder">22</P>
        <P Name="Numerator">1</P>
        <P Name="Denominator">[J 0]</P>
        <Port>
          <P Name="PortNumber">1</P>
          <P Name="Name">Omega</P>
          <P Name="RTWStorageClass">Auto</P>
          <P Name="DataLoggingNameMode">SignalName</P>
        </Port>
      </Block>
      <Block BlockType="Step" Name="Step" SID="41">
        <P Name="Position">[985, 200, 1015, 230]</P>
        <P Name="ZOrder">41</P>
        <P Name="After">0</P>
        <P Name="SampleTime">0</P>
      </Block>
      <Block BlockType="Sum" Name="Subtract" SID="2">
        <P Name="Ports">[2, 1]</P>
        <P Name="Position">[85, 124, 105, 146]</P>
        <P Name="ZOrder">2</P>
        <P Name="Inputs">+-</P>
        <P Name="InputSameDT">off</P>
        <P Name="OutDataTypeStr">Inherit: Inherit via internal rule</P>
        <P Name="SaturateOnIntegerOverflow">off</P>
      </Block>
      <Block BlockType="Sum" Name="Subtract1" SID="17">
        <P Name="Ports">[2, 1]</P>
        <P Name="Position">[805, 134, 825, 156]</P>
        <P Name="ZOrder">17</P>
        <P Name="Inputs">+-</P>
        <P Name="InputSameDT">off</P>
        <P Name="OutDataTypeStr">Inherit: Inherit via internal rule</P>
        <P Name="SaturateOnIntegerOverflow">off</P>
      </Block>
      <Block BlockType="Sum" Name="Subtract2" SID="9">
        <P Name="Ports">[2, 1]</P>
        <P Name="Position">[400, 129, 420, 151]</P>
        <P Name="ZOrder">9</P>
        <P Name="Inputs">+-</P>
        <P Name="InputSameDT">off</P>
        <P Name="OutDataTypeStr">Inherit: Inherit via internal rule</P>
        <P Name="SaturateOnIntegerOverflow">off</P>
      </Block>
      <Block BlockType="Sum" Name="Subtract3" SID="21">
        <P Name="Ports">[2, 1]</P>
        <P Name="Position">[1060, 139, 1080, 161]</P>
        <P Name="ZOrder">21</P>
        <P Name="Inputs">+-</P>
        <P Name="InputSameDT">off</P>
        <P Name="OutDataTypeStr">Inherit: Inherit via internal rule</P>
        <P Name="SaturateOnIntegerOverflow">off</P>
      </Block>
      <Block BlockType="Sum" Name="Sum" SID="5">
        <P Name="Ports">[2, 1]</P>
        <P Name="Position">[265, 125, 285, 145]</P>
        <P Name="ZOrder">5</P>
        <P Name="ShowName">off</P>
        <P Name="IconShape">round</P>
        <P Name="Inputs">|++</P>
        <P Name="InputSameDT">off</P>
        <P Name="OutDataTypeStr">Inherit: Inherit via internal rule</P>
        <P Name="SaturateOnIntegerOverflow">off</P>
      </Block>
      <Block BlockType="Sum" Name="Sum1" SID="12">
        <P Name="Ports">[2, 1]</P>
        <P Name="Position">[585, 130, 605, 150]</P>
        <P Name="ZOrder">12</P>
        <P Name="ShowName">off</P>
        <P Name="IconShape">round</P>
        <P Name="Inputs">|++</P>
        <P Name="InputSameDT">off</P>
        <P Name="OutDataTypeStr">Inherit: Inherit via internal rule</P>
        <P Name="SaturateOnIntegerOverflow">off</P>
      </Block>
      <Block BlockType="Saturate" Name="Uz0" SID="4">
        <P Name="Ports">[1, 1]</P>
        <P Name="Position">[320, 120, 350, 150]</P>
        <P Name="ZOrder">4</P>
        <P Name="InputPortMap">u0</P>
        <P Name="UpperLimit">Uz0</P>
        <P Name="LowerLimit">-Uz0</P>
        <Port>
          <P Name="PortNumber">1</P>
          <P Name="Name">Napięcie sterownika prądu</P>
          <P Name="RTWStorageClass">Auto</P>
          <P Name="DataLoggingNameMode">SignalName</P>
        </Port>
      </Block>
      <Block BlockType="Gain" Name="Wzm." SID="13">
        <P Name="Position">[660, 125, 690, 155]</P>
        <P Name="ZOrder">13</P>
        <P Name="Gain">Kp</P>
        <P Name="ParamDataTypeStr">Inherit: Inherit via internal rule</P>
        <P Name="OutDataTypeStr">Inherit: Inherit via internal rule</P>
        <P Name="SaturateOnIntegerOverflow">off</P>
      </Block>
      <Block BlockType="Gain" Name="Y" SID="28">
        <P Name="Position">[575, 345, 605, 375]</P>
        <P Name="ZOrder">28</P>
        <P Name="BlockMirror">on</P>
        <P Name="NamePlacement">alternate</P>
        <P Name="Gain">Y</P>
        <P Name="ParamDataTypeStr">Inherit: Inherit via internal rule</P>
        <P Name="OutDataTypeStr">Inherit: Inherit via internal rule</P>
        <P Name="SaturateOnIntegerOverflow">off</P>
      </Block>
      <Block BlockType="Gain" Name="reg pradu" SID="10">
        <P Name="Position">[455, 120, 500, 160]</P>
        <P Name="ZOrder">10</P>
        <P Name="Gain">m/V</P>
        <P Name="ParamDataTypeStr">Inherit: Inherit via internal rule</P>
        <P Name="OutDataTypeStr">Inherit: Inherit via internal rule</P>
        <P Name="SaturateOnIntegerOverflow">off</P>
      </Block>
      <Block BlockType="Gain" Name="reg pred." SID="3">
        <P Name="Position">[140, 120, 170, 150]</P>
        <P Name="ZOrder">3</P>
        <P Name="Gain">Kw</P>
        <P Name="ParamDataTypeStr">Inherit: Inherit via internal rule</P>
        <P Name="OutDataTypeStr">Inherit: Inherit via internal rule</P>
        <P Name="SaturateOnIntegerOverflow">off</P>
      </Block>
      <Block BlockType="Gain" Name="strumien" SID="24">
        <P Name="Position">[985, 265, 1015, 295]</P>
        <P Name="ZOrder">24</P>
        <P Name="BlockMirror">on</P>
        <P Name="NamePlacement">alternate</P>
        <P Name="Gain">psi</P>
        <P Name="ParamDataTypeStr">Inherit: Inherit via internal rule</P>
        <P Name="OutDataTypeStr">Inherit: Inherit via internal rule</P>
        <P Name="SaturateOnIntegerOverflow">off</P>
      </Block>
      <Block BlockType="Step" Name="w_ref Kt" SID="1">
        <P Name="Position">[20, 115, 50, 145]</P>
        <P Name="ZOrder">1</P>
        <P Name="Time">0</P>
        <P Name="After">wn*Kt</P>
        <P Name="SampleTime">0</P>
      </Block>
      <Line>
        <P Name="ZOrder">1</P>
        <P Name="Src">1#out:1</P>
        <P Name="Dst">2#in:1</P>
      </Line>
      <Line>
        <P Name="ZOrder">2</P>
        <P Name="Src">2#out:1</P>
        <P Name="Points">[11, 0]</P>
        <Branch>
          <P Name="ZOrder">3</P>
          <P Name="Points">[0, 65]</P>
          <P Name="Dst">8#in:1</P>
        </Branch>
        <Branch>
          <P Name="ZOrder">4</P>
          <P Name="Dst">3#in:1</P>
        </Branch>
      </Line>
      <Line>
        <P Name="ZOrder">5</P>
        <P Name="Src">8#out:1</P>
        <P Name="Dst">6#in:1</P>
      </Line>
      <Line>
        <P Name="ZOrder">6</P>
        <P Name="Src">10#out:1</P>
        <P Name="Dst">11#in:1</P>
      </Line>
      <Line>
        <P Name="ZOrder">7</P>
        <P Name="Src">13#out:1</P>
        <P Name="Dst">14#in:1</P>
      </Line>
      <Line>
        <P Name="ZOrder">8</P>
        <P Name="Src">15#out:1</P>
        <P Name="Dst">16#in:1</P>
      </Line>
      <Line>
        <P Name="ZOrder">9</P>
        <P Name="Src">17#out:1</P>
        <P Name="Dst">19#in:1</P>
      </Line>
      <Line>
        <P Name="Name">Is</P>
        <P Name="ZOrder">10</P>
        <P Name="Src">19#out:1</P>
        <P Name="Points">[14, 0]</P>
        <Branch>
          <P Name="ZOrder">11</P>
          <P Name="Points">[0, 215]</P>
          <Branch>
            <P Name="ZOrder">12</P>
            <P Name="Labels">[2, 1]</P>
            <P Name="Points">[0, 250]</P>
            <P Name="Dst">40#in:4</P>
          </Branch>
          <Branch>
            <P Name="ZOrder">13</P>
            <P Name="Dst">28#in:1</P>
          </Branch>
          <Branch>
            <P Name="ZOrder">14</P>
            <P Name="Dst">29#in:1</P>
          </Branch>
        </Branch>
        <Branch>
          <P Name="ZOrder">15</P>
          <P Name="Dst">20#in:1</P>
        </Branch>
      </Line>
      <Line>
        <P Name="ZOrder">16</P>
        <P Name="Src">20#out:1</P>
        <P Name="Dst">21#in:1</P>
      </Line>
      <Line>
        <P Name="ZOrder">17</P>
        <P Name="Src">21#out:1</P>
        <P Name="Dst">22#in:1</P>
      </Line>
      <Line>
        <P Name="ZOrder">18</P>
        <P Name="Src">24#out:1</P>
        <P Name="Points">[-197, 0; 0, -130]</P>
        <P Name="Dst">17#in:2</P>
      </Line>
      <Line>
        <P Name="Name">Us</P>
        <P Name="ZOrder">19</P>
        <P Name="Src">14#out:1</P>
        <P Name="Points">[11, 0]</P>
        <Branch>
          <P Name="ZOrder">20</P>
          <P Name="Points">[0, 108]</P>
          <Branch>
            <P Name="ZOrder">21</P>
            <P Name="Labels">[2, 1]</P>
            <P Name="Points">[0, 302]</P>
            <P Name="Dst">40#in:1</P>
          </Branch>
          <Branch>
            <P Name="ZOrder">22</P>
            <P Name="Points">[604, 0; 0, 7]</P>
            <P Name="Dst">25#in:1</P>
          </Branch>
        </Branch>
        <Branch>
          <P Name="ZOrder">23</P>
          <P Name="Dst">17#in:1</P>
        </Branch>
      </Line>
      <Line>
        <P Name="ZOrder">24</P>
        <P Name="Src">28#out:1</P>
        <P Name="Points">[-192, 0; 0, -215]</P>
        <P Name="Dst">9#in:2</P>
      </Line>
      <Line>
        <P Name="Name">Is+Is*Lambda</P>
        <P Name="ZOrder">25</P>
        <P Name="Src">29#out:1</P>
        <P Name="Points">[74, 0]</P>
        <Branch>
          <P Name="ZOrder">26</P>
          <P Name="Labels">[2, 1]</P>
          <P Name="Points">[0, 260]</P>
          <P Name="Dst">40#in:5</P>
        </Branch>
        <Branch>
          <P Name="ZOrder">27</P>
          <P Name="Points">[0, -80]</P>
          <P Name="Dst">25#in:2</P>
        </Branch>
      </Line>
      <Line>
        <P Name="ZOrder">28</P>
        <P Name="Src">36#out:1</P>
        <P Name="Points">[5, 0; 0, -105]</P>
        <P Name="Dst">29#in:2</P>
      </Line>
      <Line>
        <P Name="Name">Napięcie sterownika prądu</P>
        <P Name="ZOrder">29</P>
        <P Name="Src">4#out:1</P>
        <P Name="Points">[18, 0]</P>
        <Branch>
          <P Name="ZOrder">30</P>
          <P Name="Labels">[2, 1]</P>
          <P Name="Points">[0, 435]</P>
          <P Name="Dst">40#in:2</P>
        </Branch>
        <Branch>
          <P Name="ZOrder">31</P>
          <P Name="Points">[0, -36; 965, 0; 0, 261]</P>
          <P Name="Dst">25#in:4</P>
        </Branch>
        <Branch>
          <P Name="ZOrder">32</P>
          <P Name="Dst">9#in:1</P>
        </Branch>
      </Line>
      <Line>
        <P Name="Name">Omega</P>
        <P Name="ZOrder">33</P>
        <P Name="Src">22#out:1</P>
        <P Name="Points">[78, 0; 0, 130]</P>
        <Branch>
          <P Name="ZOrder">34</P>
          <P Name="Points">[0, 45]</P>
          <Branch>
            <P Name="ZOrder">35</P>
            <P Name="Points">[0, 100]</P>
            <Branch>
              <P Name="ZOrder">36</P>
              <P Name="Labels">[2, 1]</P>
              <P Name="Points">[0, 165]</P>
              <P Name="Dst">40#in:3</P>
            </Branch>
            <Branch>
              <P Name="ZOrder">37</P>
              <P Name="Dst">34#in:1</P>
            </Branch>
          </Branch>
          <Branch>
            <P Name="ZOrder">38</P>
            <P Name="Dst">25#in:3</P>
          </Branch>
        </Branch>
        <Branch>
          <P Name="ZOrder">39</P>
          <P Name="Dst">24#in:1</P>
        </Branch>
      </Line>
      <Line>
        <P Name="ZOrder">40</P>
        <P Name="Src">34#out:1</P>
        <P Name="Points">[-504, 0; 0, -285]</P>
        <P Name="Dst">2#in:2</P>
      </Line>
      <Line>
        <P Name="ZOrder">41</P>
        <P Name="Src">3#out:1</P>
        <P Name="Dst">35#in:1</P>
      </Line>
      <Line>
        <P Name="ZOrder">42</P>
        <P Name="Src">11#out:1</P>
        <P Name="Dst">12#in:1</P>
      </Line>
      <Line>
        <P Name="ZOrder">43</P>
        <P Name="Src">12#out:1</P>
        <P Name="Dst">13#in:1</P>
      </Line>
      <Line>
        <P Name="ZOrder">44</P>
        <P Name="Src">16#out:1</P>
        <P Name="Points">[40, 0]</P>
        <P Name="Dst">12#in:2</P>
      </Line>
      <Line>
        <P Name="ZOrder">45</P>
        <P Name="Src">9#out:1</P>
        <P Name="Points">[12, 0]</P>
        <Branch>
          <P Name="ZOrder">46</P>
          <P Name="Points">[0, 75]</P>
          <P Name="Dst">15#in:1</P>
        </Branch>
        <Branch>
          <P Name="ZOrder">47</P>
          <P Name="Dst">10#in:1</P>
        </Branch>
      </Line>
      <Line>
        <P Name="ZOrder">48</P>
        <P Name="Src">35#out:1</P>
        <P Name="Dst">5#in:1</P>
      </Line>
      <Line>
        <P Name="ZOrder">49</P>
        <P Name="Src">5#out:1</P>
        <P Name="Dst">4#in:1</P>
      </Line>
      <Line>
        <P Name="ZOrder">50</P>
        <P Name="Src">6#out:1</P>
        <P Name="Points">[10, 0]</P>
        <P Name="Dst">5#in:2</P>
      </Line>
      <Line>
        <P Name="ZOrder">51</P>
        <P Name="Src">41#out:1</P>
        <P Name="Points">[21, 0; 0, -60]</P>
        <P Name="Dst">21#in:2</P>
      </Line>
      <Line>
        <P Name="ZOrder">52</P>
        <P Name="Src">40#out:1</P>
        <P Name="Dst">30#in:1</P>
      </Line>
    </System>
  </Model>
</ModelInformation>
