<?xml version="1.0" encoding="UTF-8" standalone="yes" ?><cp:coreProperties xmlns:cp="http://schemas.openxmlformats.org/package/2006/metadata/core-properties" xmlns:dc="http://purl.org/dc/elements/1.1/" xmlns:dcmitype="http://purl.org/dc/dcmitype/" xmlns:dcterms="http://purl.org/dc/terms/" xmlns:xsi="http://www.w3.org/2001/XMLSchema-instance"><cp:category>Model</cp:category><dcterms:created xsi:type="dcterms:W3CDTF">2016-03-03T12:38:13Z</dcterms:created><dc:creator>user</dc:creator><dc:description></dc:description><cp:lastModifiedBy>user</cp:lastModifiedBy><dcterms:modified xsi:type="dcterms:W3CDTF">2016-04-14T11:49:07Z</dcterms:modified><cp:revision>1.8</cp:revision><cp:version>R2015a</cp:version></cp:coreProperties>