<?xml version="1.0" encoding="utf-8"?>
<ModelInformation Version="1.0">
  <Model>
    <P Name="SavedCharacterEncoding">windows-1250</P>
    <P Name="ScopeRefreshTime">0.035000</P>
    <P Name="OverrideScopeRefreshTime">on</P>
    <P Name="DisableAllScopes">on</P>
    <P Name="DataTypeOverride">UseLocalSettings</P>
    <P Name="DataTypeOverrideAppliesTo">AllNumericTypes</P>
    <P Name="MinMaxOverflowLogging">UseLocalSettings</P>
    <P Name="MinMaxOverflowArchiveMode">Overwrite</P>
    <P Name="FPTRunName">Run 1</P>
    <P Name="MaxMDLFileLineLength">120</P>
    <Object PropName="BdWindowsInfo" ObjectID="1" ClassName="Simulink.BDWindowsInfo">
      <Object PropName="WindowsInfo" ObjectID="2" ClassName="Simulink.WindowInfo">
        <P Name="IsActive" Class="logical">1</P>
        <P Name="Location" Class="double">[953.0, 0.0, 974.0, 1047.0]</P>
        <Object PropName="ModelBrowserInfo" ObjectID="3" ClassName="Simulink.ModelBrowserInfo">
          <P Name="Visible" Class="logical">0</P>
          <P Name="DockPosition" Class="char">Left</P>
          <P Name="Width" Class="int32">50</P>
          <P Name="Height" Class="int32">50</P>
          <P Name="Filter" Class="int32">9</P>
        </Object>
        <Object PropName="ExplorerBarInfo" ObjectID="4" ClassName="Simulink.ExplorerBarInfo">
          <P Name="Visible" Class="logical">1</P>
        </Object>
        <Object PropName="EditorsInfo" ObjectID="5" ClassName="Simulink.EditorInfo">
          <P Name="IsActive" Class="logical">1</P>
          <P Name="ViewObjType" Class="char">SimulinkTopLevel</P>
          <P Name="LoadSaveID" Class="char">0</P>
          <P Name="Extents" Class="double">[924.0, 872.0]</P>
          <P Name="ZoomFactor" Class="double">1.0</P>
          <P Name="Offset" Class="double">[-6.7250020802021027, 0.0]</P>
        </Object>
      </Object>
    </Object>
    <ConfigManagerSettings>
      <P Name="UpdateHistory">UpdateHistoryNever</P>
      <P Name="ModifiedByFormat">%&lt;Auto&gt;</P>
      <P Name="ModifiedDateFormat">%&lt;Auto&gt;</P>
      <P Name="RTWModifiedTimeStamp">379518304</P>
      <P Name="ModelVersionFormat">1.%&lt;AutoIncrement:1&gt;</P>
    </ConfigManagerSettings>
    <EditorSettings>
      <P Name="SampleTimeColors">off</P>
      <P Name="SampleTimeAnnotations">off</P>
      <P Name="LibraryLinkDisplay">disabled</P>
      <P Name="WideLines">off</P>
      <P Name="ShowLineDimensions">off</P>
      <P Name="ShowPortDataTypes">off</P>
      <P Name="ShowDesignRanges">off</P>
      <P Name="ShowLoopsOnError">on</P>
      <P Name="IgnoreBidirectionalLines">off</P>
      <P Name="ShowStorageClass">off</P>
      <P Name="ShowTestPointIcons">on</P>
      <P Name="ShowSignalResolutionIcons">on</P>
      <P Name="ShowViewerIcons">on</P>
      <P Name="SortedOrder">off</P>
      <P Name="ExecutionContextIcon">off</P>
      <P Name="ShowLinearizationAnnotations">on</P>
      <P Name="ShowMarkup">on</P>
      <P Name="BlockNameDataTip">off</P>
      <P Name="BlockParametersDataTip">off</P>
      <P Name="BlockDescriptionStringDataTip">off</P>
      <P Name="ToolBar">on</P>
      <P Name="StatusBar">on</P>
      <P Name="BrowserShowLibraryLinks">off</P>
      <P Name="BrowserLookUnderMasks">off</P>
    </EditorSettings>
    <SimulationSettings>
      <P Name="SimulationMode">normal</P>
      <P Name="PauseTimes">5</P>
      <P Name="NumberOfSteps">1</P>
      <P Name="SnapshotBufferSize">10</P>
      <P Name="SnapshotInterval">10</P>
      <P Name="NumberOfLastSnapshots">0</P>
      <P Name="LinearizationMsg">none</P>
      <P Name="Profile">off</P>
      <P Name="ParamWorkspaceSource">MATLABWorkspace</P>
      <P Name="AccelSystemTargetFile">accel.tlc</P>
      <P Name="AccelTemplateMakefile">accel_default_tmf</P>
      <P Name="AccelMakeCommand">make_rtw</P>
      <P Name="TryForcingSFcnDF">off</P>
      <Object PropName="DataLoggingOverride" ObjectID="6" ClassName="Simulink.SimulationData.ModelLoggingInfo">
        <P Name="model_" Class="char">Simulinkasdasd</P>
        <P Name="overrideMode_" Class="uint32">0U</P>
        <Array PropName="logAsSpecifiedByModels_" Type="Cell" Dimension="1*1">
          <Cell Class="char">Simulinkasdasd</Cell>
        </Array>
        <Array PropName="logAsSpecifiedByModelsSSIDs_" Type="Cell" Dimension="1*1">
          <Cell>[]</Cell>
        </Array>
      </Object>
    </SimulationSettings>
    <Verification>
      <P Name="RecordCoverage">off</P>
      <P Name="CovPath">/</P>
      <P Name="CovSaveName">covdata</P>
      <P Name="CovMetricSettings">dw</P>
      <P Name="CovNameIncrementing">off</P>
      <P Name="CovHtmlReporting">on</P>
      <P Name="CovForceBlockReductionOff">on</P>
      <P Name="CovEnableCumulative">on</P>
      <P Name="covSaveCumulativeToWorkspaceVar">on</P>
      <P Name="CovSaveSingleToWorkspaceVar">on</P>
      <P Name="CovCumulativeVarName">covCumulativeData</P>
      <P Name="CovCumulativeReport">off</P>
      <P Name="CovReportOnPause">on</P>
      <P Name="CovModelRefEnable">Off</P>
      <P Name="CovExternalEMLEnable">off</P>
      <P Name="CovSFcnEnable">on</P>
      <P Name="CovBoundaryAbsTol">0.000010</P>
      <P Name="CovBoundaryRelTol">0.010000</P>
      <P Name="CovUseTimeInterval">off</P>
      <P Name="CovStartTime">0</P>
      <P Name="CovStopTime">0</P>
    </Verification>
    <ExternalMode>
      <P Name="ExtModeBatchMode">off</P>
      <P Name="ExtModeEnableFloating">on</P>
      <P Name="ExtModeTrigType">manual</P>
      <P Name="ExtModeTrigMode">normal</P>
      <P Name="ExtModeTrigPort">1</P>
      <P Name="ExtModeTrigElement">any</P>
      <P Name="ExtModeTrigDuration">1000</P>
      <P Name="ExtModeTrigDurationFloating">auto</P>
      <P Name="ExtModeTrigHoldOff">0</P>
      <P Name="ExtModeTrigDelay">0</P>
      <P Name="ExtModeTrigDirection">rising</P>
      <P Name="ExtModeTrigLevel">0</P>
      <P Name="ExtModeArchiveMode">off</P>
      <P Name="ExtModeAutoIncOneShot">off</P>
      <P Name="ExtModeIncDirWhenArm">off</P>
      <P Name="ExtModeAddSuffixToVar">off</P>
      <P Name="ExtModeWriteAllDataToWs">off</P>
      <P Name="ExtModeArmWhenConnect">on</P>
      <P Name="ExtModeSkipDownloadWhenConnect">off</P>
      <P Name="ExtModeLogAll">on</P>
      <P Name="ExtModeAutoUpdateStatusClock">on</P>
    </ExternalMode>
    <ModelReferenceSettings>
      <P Name="ShowModelReferenceBlockVersion">off</P>
      <P Name="ShowModelReferenceBlockIO">off</P>
    </ModelReferenceSettings>
    <ConcurrentExecutionSettings>
      <Object PropName="DataTransfer" ObjectID="7" ClassName="Simulink.GlobalDataTransfer">
        <P Name="DefaultTransitionBetweenSyncTasks" Class="char">Ensure deterministic transfer (maximum delay)</P>
        <P Name="DefaultTransitionBetweenAsyncTasks" Class="char">Ensure data integrity only</P>
        <P Name="DefaultTransitionBetweenContTasks" Class="char">Ensure deterministic transfer (minimum delay)</P>
        <P Name="DefaultExtrapolationMethodBetweenContTasks" Class="char">None</P>
        <P Name="AutoInsertRateTranBlk" Class="logical">0</P>
      </Object>
      <P Name="ExplicitPartitioning">off</P>
    </ConcurrentExecutionSettings>
    <SystemDefaults>
      <P Name="PaperOrientation">landscape</P>
      <P Name="PaperPositionMode">auto</P>
      <P Name="PaperType">A4</P>
      <P Name="PaperUnits">centimeters</P>
      <P Name="TiledPaperMargins">[1.270000, 1.270000, 1.270000, 1.270000]</P>
      <P Name="TiledPageScale">1</P>
      <P Name="ShowPageBoundaries">off</P>
      <P Name="ModelBrowserVisibility">off</P>
      <P Name="ModelBrowserWidth">200</P>
      <P Name="ScreenColor">white</P>
    </SystemDefaults>
    <BlockDefaults>
      <P Name="ForegroundColor">black</P>
      <P Name="BackgroundColor">white</P>
      <P Name="DropShadow">off</P>
      <P Name="NamePlacement">normal</P>
      <P Name="FontName">Helvetica</P>
      <P Name="FontSize">10</P>
      <P Name="FontWeight">normal</P>
      <P Name="FontAngle">normal</P>
      <P Name="ShowName">on</P>
      <P Name="BlockRotation">0</P>
      <P Name="BlockMirror">off</P>
    </BlockDefaults>
    <AnnotationDefaults>
      <P Name="HorizontalAlignment">center</P>
      <P Name="VerticalAlignment">middle</P>
      <P Name="ForegroundColor">black</P>
      <P Name="BackgroundColor">white</P>
      <P Name="DropShadow">off</P>
      <P Name="FontName">Helvetica</P>
      <P Name="FontSize">10</P>
      <P Name="FontWeight">normal</P>
      <P Name="FontAngle">normal</P>
      <P Name="UseDisplayTextAsClickCallback">off</P>
    </AnnotationDefaults>
    <LineDefaults>
      <P Name="FontName">Helvetica</P>
      <P Name="FontSize">9</P>
      <P Name="FontWeight">normal</P>
      <P Name="FontAngle">normal</P>
    </LineDefaults>
    <MaskDefaults>
      <P Name="SelfModifiable">off</P>
      <P Name="IconFrame">on</P>
      <P Name="IconOpaque">on</P>
      <P Name="RunInitForIconRedraw">off</P>
      <P Name="IconRotate">none</P>
      <P Name="PortRotate">default</P>
      <P Name="IconUnits">autoscale</P>
    </MaskDefaults>
    <MaskParameterDefaults>
      <P Name="Evaluate">on</P>
      <P Name="Tunable">on</P>
      <P Name="NeverSave">off</P>
      <P Name="Internal">off</P>
      <P Name="ReadOnly">off</P>
      <P Name="Enabled">on</P>
      <P Name="Visible">on</P>
      <P Name="ToolTip">on</P>
    </MaskParameterDefaults>
    <BlockParameterDefaults>
      <Block BlockType="Derivative">
        <P Name="CoefficientInTFapproximation">inf</P>
      </Block>
      <Block BlockType="Mux">
        <P Name="Inputs">4</P>
        <P Name="DisplayOption">none</P>
        <P Name="UseBusObject">off</P>
        <P Name="BusObject">BusObject</P>
        <P Name="NonVirtualBus">off</P>
      </Block>
      <Block BlockType="Scope">
        <P Name="ModelBased">off</P>
        <P Name="TickLabels">OneTimeTick</P>
        <P Name="ZoomMode">on</P>
        <P Name="Grid">on</P>
        <P Name="ShowLegends">off</P>
        <P Name="TimeRange">auto</P>
        <P Name="YMin">-5</P>
        <P Name="YMax">5</P>
        <P Name="SaveToWorkspace">off</P>
        <P Name="SaveName">ScopeData</P>
        <P Name="DataFormat">Array</P>
        <P Name="LimitDataPoints">on</P>
        <P Name="MaxDataPoints">5000</P>
        <P Name="Decimation">1</P>
        <P Name="SampleInput">off</P>
        <P Name="SampleTime">-1</P>
        <P Name="ScrollMode">off</P>
      </Block>
      <Block BlockType="Step">
        <P Name="Time">1</P>
        <P Name="Before">0</P>
        <P Name="After">1</P>
        <P Name="SampleTime">-1</P>
        <P Name="VectorParams1D">on</P>
        <P Name="ZeroCross">on</P>
      </Block>
      <Block BlockType="ToWorkspace">
        <P Name="VariableName">simulink_output</P>
        <P Name="MaxDataPoints">1000</P>
        <P Name="Decimation">1</P>
        <P Name="SaveFormat">Array</P>
        <P Name="Save2DSignal">Inherit from input (this choice will be removed - see release notes)</P>
        <P Name="FixptAsFi">off</P>
        <P Name="NumInputs">1</P>
        <P Name="SampleTime">0</P>
      </Block>
      <Block BlockType="TransferFcn">
        <P Name="Numerator">[1]</P>
        <P Name="Denominator">[1 2 1]</P>
        <P Name="AbsoluteTolerance">auto</P>
        <P Name="ContinuousStateAttributes">&apos;&apos;</P>
        <P Name="Realization">auto</P>
      </Block>
    </BlockParameterDefaults>
    <System>
      <P Name="Location">[953, 0, 1927, 1047]</P>
      <P Name="Open">on</P>
      <P Name="TiledPaperMargins">[1.270000, 1.270000, 1.270000, 1.270000]</P>
      <P Name="ZoomFactor">100</P>
      <P Name="ReportName">simulink-default.rpt</P>
      <P Name="SIDHighWatermark">20</P>
      <Block BlockType="Derivative" Name="Derivative" SID="18">
        <P Name="Position">[245, 360, 275, 390]</P>
        <P Name="ZOrder">41</P>
      </Block>
      <Block BlockType="Mux" Name="Mux" SID="19">
        <P Name="Ports">[5, 1]</P>
        <P Name="Position">[485, 520, 495, 750]</P>
        <P Name="ZOrder">42</P>
        <P Name="ShowName">off</P>
        <P Name="Inputs">5</P>
        <P Name="DisplayOption">bar</P>
      </Block>
      <Block BlockType="Scope" Name="Scope" SID="3">
        <P Name="Ports">[5]</P>
        <P Name="Position">[485, 133, 855, 477]</P>
        <P Name="ZOrder">26</P>
        <P Name="Floating">off</P>
        <P Name="Location">[1, 49, 1909, 1039]</P>
        <P Name="Open">off</P>
        <P Name="NumInputPorts">5</P>
        <List ListType="AxesTitles">
          <P Name="axes1">%&lt;SignalLabel&gt;</P>
          <P Name="axes2">%&lt;SignalLabel&gt;</P>
          <P Name="axes3">%&lt;SignalLabel&gt;</P>
          <P Name="axes4">%&lt;SignalLabel&gt;</P>
          <P Name="axes5">%&lt;SignalLabel&gt;</P>
        </List>
        <List ListType="ScopeGraphics">
          <P Name="FigureColor">[0.501960784313725 0.501960784313725 0.501960784313725]</P>
          <P Name="AxesColor">[0 0 0]</P>
          <P Name="AxesTickColor">[1 1 1]</P>
          <P Name="LineColors">[1 1 0;1 0 1;0 1 1;1 0 0;0 1 0;0 0 1]</P>
          <P Name="LineStyles">-|-|-|-|-|-</P>
          <P Name="LineWidths">[0.5 0.5 0.5 0.5 0.5 0.5]</P>
          <P Name="MarkerStyles">none|none|none|none|none|none</P>
        </List>
        <P Name="YMin">-5~-5~-5~-5~-5</P>
        <P Name="YMax">5~5~5~5~5</P>
        <P Name="DataFormat">StructureWithTime</P>
        <P Name="LimitDataPoints">off</P>
        <P Name="SampleTime">0</P>
      </Block>
      <Block BlockType="TransferFcn" Name="Silnik" SID="2">
        <P Name="Position">[200, 147, 260, 183]</P>
        <P Name="ZOrder">20</P>
        <P Name="Numerator">[1/psi]</P>
        <P Name="Denominator">[ B*T B 1]</P>
      </Block>
      <Block BlockType="TransferFcn" Name="Silnik1" SID="6">
        <P Name="Position">[190, 214, 265, 256]</P>
        <P Name="ZOrder">30</P>
        <P Name="Numerator">[(Rt/(psi^2)) * T Rt/(psi^2)]</P>
        <P Name="Denominator">[B*T B 1]</P>
      </Block>
      <Block BlockType="TransferFcn" Name="Silnik2" SID="8">
        <P Name="Position">[200, 427, 260, 463]</P>
        <P Name="ZOrder">32</P>
        <P Name="Numerator">[1/psi]</P>
        <P Name="Denominator">[B*T B 1]</P>
      </Block>
      <Block BlockType="TransferFcn" Name="Silnik3" SID="10">
        <P Name="Position">[115, 287, 175, 323]</P>
        <P Name="ZOrder">34</P>
        <P Name="Numerator">[B/Rt 0]</P>
        <P Name="Denominator">[B*T B 1]</P>
      </Block>
      <Block BlockType="ToWorkspace" Name="To Workspace" SID="20">
        <P Name="Ports">[1]</P>
        <P Name="Position">[640, 620, 700, 650]</P>
        <P Name="ZOrder">43</P>
        <P Name="VariableName">Przebiegi</P>
        <P Name="MaxDataPoints">inf</P>
        <P Name="SaveFormat">Structure With Time</P>
        <P Name="Save2DSignal">3-D array (concatenate along third dimension)</P>
        <P Name="FixptAsFi">on</P>
        <P Name="SampleTime">-1</P>
      </Block>
      <Block BlockType="Step" Name="w_ref Kt" SID="1">
        <P Name="Position">[40, 150, 70, 180]</P>
        <P Name="ZOrder">2</P>
        <P Name="After">Un</P>
        <P Name="SampleTime">0</P>
      </Block>
      <Block BlockType="Step" Name="w_ref Kt1" SID="14">
        <P Name="Position">[40, 220, 70, 250]</P>
        <P Name="ZOrder">37</P>
        <P Name="After">Mn</P>
        <P Name="SampleTime">0</P>
      </Block>
      <Block BlockType="Step" Name="w_ref Kt2" SID="15">
        <P Name="Position">[40, 290, 70, 320]</P>
        <P Name="ZOrder">38</P>
        <P Name="After">Un</P>
        <P Name="SampleTime">0</P>
      </Block>
      <Block BlockType="Step" Name="w_ref Kt3" SID="16">
        <P Name="Position">[40, 430, 70, 460]</P>
        <P Name="ZOrder">39</P>
        <P Name="After">Mn</P>
        <P Name="SampleTime">0</P>
      </Block>
      <Line>
        <P Name="ZOrder">4</P>
        <P Name="Src">2#out:1</P>
        <P Name="Points">[177, 0]</P>
        <Branch>
          <P Name="ZOrder">81</P>
          <P Name="Points">[0, 380]</P>
          <P Name="Dst">19#in:1</P>
        </Branch>
        <Branch>
          <P Name="ZOrder">80</P>
          <P Name="Dst">3#in:1</P>
        </Branch>
      </Line>
      <Line>
        <P Name="ZOrder">26</P>
        <P Name="Src">6#out:1</P>
        <P Name="Points">[149, 0]</P>
        <Branch>
          <P Name="ZOrder">83</P>
          <P Name="Points">[0, 355]</P>
          <P Name="Dst">19#in:2</P>
        </Branch>
        <Branch>
          <P Name="ZOrder">82</P>
          <P Name="Dst">3#in:2</P>
        </Branch>
      </Line>
      <Line>
        <P Name="ZOrder">56</P>
        <P Name="Src">10#out:1</P>
        <P Name="Points">[28, 0]</P>
        <Branch>
          <P Name="ZOrder">79</P>
          <P Name="Points">[0, 70]</P>
          <P Name="Dst">18#in:1</P>
        </Branch>
        <Branch>
          <P Name="ZOrder">78</P>
          <P Name="Points">[187, 0]</P>
          <Branch>
            <P Name="ZOrder">85</P>
            <P Name="Points">[0, 330]</P>
            <P Name="Dst">19#in:3</P>
          </Branch>
          <Branch>
            <P Name="ZOrder">84</P>
            <P Name="Dst">3#in:3</P>
          </Branch>
        </Branch>
      </Line>
      <Line>
        <P Name="ZOrder">76</P>
        <P Name="Src">8#out:1</P>
        <P Name="Points">[81, 0]</P>
        <Branch>
          <P Name="ZOrder">89</P>
          <P Name="Points">[0, 280]</P>
          <P Name="Dst">19#in:5</P>
        </Branch>
        <Branch>
          <P Name="ZOrder">88</P>
          <P Name="Dst">3#in:5</P>
        </Branch>
      </Line>
      <Line>
        <P Name="ZOrder">71</P>
        <P Name="Src">1#out:1</P>
        <P Name="Dst">2#in:1</P>
      </Line>
      <Line>
        <P Name="ZOrder">72</P>
        <P Name="Src">16#out:1</P>
        <P Name="Dst">8#in:1</P>
      </Line>
      <Line>
        <P Name="ZOrder">73</P>
        <P Name="Src">15#out:1</P>
        <P Name="Dst">10#in:1</P>
      </Line>
      <Line>
        <P Name="ZOrder">75</P>
        <P Name="Src">14#out:1</P>
        <P Name="Dst">6#in:1</P>
      </Line>
      <Line>
        <P Name="ZOrder">77</P>
        <P Name="Src">18#out:1</P>
        <P Name="Points">[89, 0]</P>
        <Branch>
          <P Name="ZOrder">87</P>
          <P Name="Points">[0, 305]</P>
          <P Name="Dst">19#in:4</P>
        </Branch>
        <Branch>
          <P Name="ZOrder">86</P>
          <P Name="Dst">3#in:4</P>
        </Branch>
      </Line>
      <Line>
        <P Name="ZOrder">95</P>
        <P Name="Src">19#out:1</P>
        <P Name="Dst">20#in:1</P>
      </Line>
    </System>
  </Model>
</ModelInformation>
