<?xml version="1.0" encoding="UTF-8"?>
<sltp_editor version="1.1" packageUris="http://schema.mathworks.com/mf0/DiagramEditor/19700101 http://schema.mathworks.com/mf0/SltpSyntax/R2018b_201805311549">
  <sltp.mm.syntax.Graph type="sltp.mm.syntax.Graph" uuid="e3cbbd2c-349b-409d-abfe-de0de3955b2e">
    <children type="sltp.mm.syntax.Node" uuid="d1f77973-7cbd-414b-ba1e-c67f042fb7da">
      <priority>40</priority>
      <rates type="sltp.mm.syntax.RateData">
        <color>#000000</color>
        <rate>0</rate>
      </rates>
      <title>Cont</title>
      <type>base</type>
      <diagramElement type="diagram.editor.model.Entity" uuid="7c5993cc-5f82-4cbf-a618-81e5bae92d37"/>
      <subgraph type="sltp.mm.syntax.Graph" uuid="56131713-88b8-458e-b807-d2e07f3a188d">
        <title>Cont</title>
        <diagramElement type="diagram.editor.model.Diagram" uuid="a4fd1d9d-785c-4b34-b125-876ade77c18d"/>
      </subgraph>
    </children>
    <title>Default</title>
    <diagramElement type="diagram.editor.model.Diagram" uuid="e364362f-aa9d-4e3b-96f7-328812ebdd44"/>
  </sltp.mm.syntax.Graph>
  <diagram.editor.model.Diagram type="diagram.editor.model.Diagram" uuid="e364362f-aa9d-4e3b-96f7-328812ebdd44">
    <entities type="diagram.editor.model.Entity" uuid="7c5993cc-5f82-4cbf-a618-81e5bae92d37">
      <position type="diagram.editor.model.Point"/>
      <size type="diagram.editor.model.Rect">
        <height>100</height>
        <width>100</width>
      </size>
      <syntaxElement type="sltp.mm.syntax.Node" uuid="d1f77973-7cbd-414b-ba1e-c67f042fb7da"/>
      <title>Cont</title>
      <type>base</type>
      <subDiagram type="diagram.editor.model.Diagram" uuid="a4fd1d9d-785c-4b34-b125-876ade77c18d">
        <position type="diagram.editor.model.Point"/>
        <size empty="true"/>
        <syntaxElement type="sltp.mm.syntax.Graph" uuid="56131713-88b8-458e-b807-d2e07f3a188d"/>
        <title>Cont</title>
        <type>graph.Graph</type>
      </subDiagram>
    </entities>
    <position empty="true"/>
    <size empty="true"/>
    <syntaxElement type="sltp.mm.syntax.Graph" uuid="e3cbbd2c-349b-409d-abfe-de0de3955b2e"/>
    <title>Default</title>
    <type>graph.Graph</type>
  </diagram.editor.model.Diagram>
</sltp_editor>