<?xml version="1.0" encoding="UTF-8"?>
<sltp_graph version="1.1" packageUris="http://schema.mathworks.com/mf0/sltp_mm/R2018b_201805251631">
  <sltp.mm.core.Context type="sltp.mm.core.Context" uuid="c8528f95-e784-48f3-a866-85514b0b811f">
    <priorityDirection>HighNumberLast</priorityDirection>
    <tasks type="sltp.mm.core.Task" uuid="efb9c685-a838-47f9-99bd-29612f410af4"/>
    <tasks type="sltp.mm.core.Task" uuid="41f3e2ab-e69c-4cbb-a962-407cbcfc4848"/>
    <rootTask type="sltp.mm.core.Task" uuid="efb9c685-a838-47f9-99bd-29612f410af4">
      <context type="sltp.mm.core.Context" uuid="c8528f95-e784-48f3-a866-85514b0b811f"/>
      <explicit>false</explicit>
      <name>Default</name>
      <priority>-2147483648</priority>
      <subgraph type="sltp.mm.core.Graph" uuid="8fbcda09-634e-4b87-913c-cdaf0749d27f">
        <tasks type="sltp.mm.core.Task" uuid="41f3e2ab-e69c-4cbb-a962-407cbcfc4848">
          <baseTask>true</baseTask>
          <context type="sltp.mm.core.Context" uuid="c8528f95-e784-48f3-a866-85514b0b811f"/>
          <explicit>false</explicit>
          <id>1</id>
          <name>Cont</name>
          <priority>40</priority>
          <rates type="sltp.mm.core.Rate" uuid="de975729-3214-4e95-99b1-fc02faebb38c">
            <color>255</color>
            <rateSpec type="sltp.mm.core.RateSpec">
              <period>0</period>
            </rateSpec>
            <sti>-1</sti>
          </rates>
        </tasks>
      </subgraph>
    </rootTask>
  </sltp.mm.core.Context>
</sltp_graph>