<?xml version="1.0" encoding="utf-8"?>
<ModelInformation Version="1.0">
  <Model>
    <P Name="SavedCharacterEncoding">windows-1250</P>
    <P Name="ScopeRefreshTime">0.035000</P>
    <P Name="OverrideScopeRefreshTime">on</P>
    <P Name="DisableAllScopes">on</P>
    <P Name="DataTypeOverride">UseLocalSettings</P>
    <P Name="DataTypeOverrideAppliesTo">AllNumericTypes</P>
    <P Name="MinMaxOverflowLogging">UseLocalSettings</P>
    <P Name="MinMaxOverflowArchiveMode">Overwrite</P>
    <P Name="FPTRunName">Run 1</P>
    <P Name="MaxMDLFileLineLength">120</P>
    <Object PropName="BdWindowsInfo" ObjectID="1" ClassName="Simulink.BDWindowsInfo">
      <Object PropName="WindowsInfo" ObjectID="2" ClassName="Simulink.WindowInfo">
        <P Name="IsActive" Class="logical">1</P>
        <P Name="Location" Class="double">[-7.0, 0.0, 1378.0, 684.0]</P>
        <Object PropName="ModelBrowserInfo" ObjectID="3" ClassName="Simulink.ModelBrowserInfo">
          <P Name="Visible" Class="logical">0</P>
          <P Name="DockPosition" Class="char">Left</P>
          <P Name="Width" Class="int32">50</P>
          <P Name="Height" Class="int32">50</P>
          <P Name="Filter" Class="int32">9</P>
        </Object>
        <Object PropName="ExplorerBarInfo" ObjectID="4" ClassName="Simulink.ExplorerBarInfo">
          <P Name="Visible" Class="logical">0</P>
        </Object>
        <Object PropName="EditorsInfo" ObjectID="5" ClassName="Simulink.EditorInfo">
          <P Name="IsActive" Class="logical">1</P>
          <P Name="ViewObjType" Class="char">SimulinkTopLevel</P>
          <P Name="LoadSaveID" Class="char">0</P>
          <P Name="Extents" Class="double">[1328.0, 539.0]</P>
          <P Name="ZoomFactor" Class="double">1.25</P>
          <P Name="Offset" Class="double">[-14.045584659354631, 122.33781443383995]</P>
        </Object>
      </Object>
    </Object>
    <ConfigManagerSettings>
      <P Name="UpdateHistory">UpdateHistoryNever</P>
      <P Name="ModifiedByFormat">%&lt;Auto&gt;</P>
      <P Name="ModifiedDateFormat">%&lt;Auto&gt;</P>
      <P Name="RTWModifiedTimeStamp">418049953</P>
      <P Name="ModelVersionFormat">1.%&lt;AutoIncrement:62&gt;</P>
    </ConfigManagerSettings>
    <EditorSettings>
      <P Name="SampleTimeColors">off</P>
      <P Name="SampleTimeAnnotations">off</P>
      <P Name="LibraryLinkDisplay">disabled</P>
      <P Name="WideLines">off</P>
      <P Name="ShowLineDimensions">off</P>
      <P Name="ShowPortDataTypes">off</P>
      <P Name="ShowDesignRanges">off</P>
      <P Name="ShowLoopsOnError">on</P>
      <P Name="IgnoreBidirectionalLines">off</P>
      <P Name="ShowStorageClass">off</P>
      <P Name="ShowTestPointIcons">on</P>
      <P Name="ShowSignalResolutionIcons">on</P>
      <P Name="ShowViewerIcons">on</P>
      <P Name="SortedOrder">off</P>
      <P Name="ExecutionContextIcon">off</P>
      <P Name="ShowLinearizationAnnotations">on</P>
      <P Name="ShowMarkup">on</P>
      <P Name="BlockNameDataTip">off</P>
      <P Name="BlockParametersDataTip">off</P>
      <P Name="BlockDescriptionStringDataTip">off</P>
      <P Name="ToolBar">on</P>
      <P Name="StatusBar">on</P>
      <P Name="BrowserShowLibraryLinks">off</P>
      <P Name="BrowserLookUnderMasks">off</P>
    </EditorSettings>
    <SimulationSettings>
      <P Name="SimulationMode">normal</P>
      <P Name="PauseTimes">5</P>
      <P Name="NumberOfSteps">1</P>
      <P Name="SnapshotBufferSize">10</P>
      <P Name="SnapshotInterval">10</P>
      <P Name="NumberOfLastSnapshots">0</P>
      <P Name="LinearizationMsg">none</P>
      <P Name="Profile">off</P>
      <P Name="ParamWorkspaceSource">MATLABWorkspace</P>
      <P Name="AccelSystemTargetFile">accel.tlc</P>
      <P Name="AccelTemplateMakefile">accel_default_tmf</P>
      <P Name="AccelMakeCommand">make_rtw</P>
      <P Name="TryForcingSFcnDF">off</P>
      <Object PropName="DataLoggingOverride" ObjectID="6" ClassName="Simulink.SimulationData.ModelLoggingInfo">
        <P Name="model_" Class="char">Projekt_KUS_cyfro_sim</P>
        <P Name="overrideMode_" Class="uint32">0U</P>
        <Array PropName="logAsSpecifiedByModels_" Type="Cell" Dimension="1*1">
          <Cell Class="char">Projekt_KUS_cyfro_sim</Cell>
        </Array>
        <Array PropName="logAsSpecifiedByModelsSSIDs_" Type="Cell" Dimension="1*1">
          <Cell Class="double">[]</Cell>
        </Array>
      </Object>
    </SimulationSettings>
    <Verification>
      <P Name="RecordCoverage">off</P>
      <P Name="CovPath">/</P>
      <P Name="CovSaveName">covdata</P>
      <P Name="CovMetricSettings">dw</P>
      <P Name="CovNameIncrementing">off</P>
      <P Name="CovHtmlReporting">on</P>
      <P Name="CovForceBlockReductionOff">on</P>
      <P Name="CovEnableCumulative">on</P>
      <P Name="covSaveCumulativeToWorkspaceVar">on</P>
      <P Name="CovSaveSingleToWorkspaceVar">on</P>
      <P Name="CovCumulativeVarName">covCumulativeData</P>
      <P Name="CovCumulativeReport">off</P>
      <P Name="CovReportOnPause">on</P>
      <P Name="CovModelRefEnable">Off</P>
      <P Name="CovExternalEMLEnable">off</P>
      <P Name="CovSFcnEnable">on</P>
      <P Name="CovBoundaryAbsTol">0.000010</P>
      <P Name="CovBoundaryRelTol">0.010000</P>
      <P Name="CovUseTimeInterval">off</P>
      <P Name="CovStartTime">0</P>
      <P Name="CovStopTime">0</P>
    </Verification>
    <ExternalMode>
      <P Name="ExtModeBatchMode">off</P>
      <P Name="ExtModeEnableFloating">on</P>
      <P Name="ExtModeTrigType">manual</P>
      <P Name="ExtModeTrigMode">normal</P>
      <P Name="ExtModeTrigPort">1</P>
      <P Name="ExtModeTrigElement">any</P>
      <P Name="ExtModeTrigDuration">1000</P>
      <P Name="ExtModeTrigDurationFloating">auto</P>
      <P Name="ExtModeTrigHoldOff">0</P>
      <P Name="ExtModeTrigDelay">0</P>
      <P Name="ExtModeTrigDirection">rising</P>
      <P Name="ExtModeTrigLevel">0</P>
      <P Name="ExtModeArchiveMode">off</P>
      <P Name="ExtModeAutoIncOneShot">off</P>
      <P Name="ExtModeIncDirWhenArm">off</P>
      <P Name="ExtModeAddSuffixToVar">off</P>
      <P Name="ExtModeWriteAllDataToWs">off</P>
      <P Name="ExtModeArmWhenConnect">on</P>
      <P Name="ExtModeSkipDownloadWhenConnect">off</P>
      <P Name="ExtModeLogAll">on</P>
      <P Name="ExtModeAutoUpdateStatusClock">on</P>
    </ExternalMode>
    <ModelReferenceSettings>
      <P Name="ShowModelReferenceBlockVersion">off</P>
      <P Name="ShowModelReferenceBlockIO">off</P>
    </ModelReferenceSettings>
    <ConcurrentExecutionSettings>
      <Object PropName="DataTransfer" ObjectID="7" ClassName="Simulink.GlobalDataTransfer">
        <P Name="DefaultTransitionBetweenSyncTasks" Class="char">Ensure deterministic transfer (maximum delay)</P>
        <P Name="DefaultTransitionBetweenAsyncTasks" Class="char">Ensure data integrity only</P>
        <P Name="DefaultTransitionBetweenContTasks" Class="char">Ensure deterministic transfer (minimum delay)</P>
        <P Name="DefaultExtrapolationMethodBetweenContTasks" Class="char">None</P>
        <P Name="AutoInsertRateTranBlk" Class="logical">0</P>
      </Object>
      <P Name="ExplicitPartitioning">off</P>
    </ConcurrentExecutionSettings>
    <SystemDefaults>
      <P Name="PaperOrientation">landscape</P>
      <P Name="PaperPositionMode">auto</P>
      <P Name="PaperType">A4</P>
      <P Name="PaperUnits">centimeters</P>
      <P Name="TiledPaperMargins">[1.270000, 1.270000, 1.270000, 1.270000]</P>
      <P Name="TiledPageScale">1</P>
      <P Name="ShowPageBoundaries">off</P>
      <P Name="ModelBrowserVisibility">off</P>
      <P Name="ModelBrowserWidth">200</P>
      <P Name="ScreenColor">white</P>
    </SystemDefaults>
    <BlockDefaults>
      <P Name="ForegroundColor">black</P>
      <P Name="BackgroundColor">white</P>
      <P Name="DropShadow">off</P>
      <P Name="NamePlacement">normal</P>
      <P Name="FontName">Helvetica</P>
      <P Name="FontSize">10</P>
      <P Name="FontWeight">normal</P>
      <P Name="FontAngle">normal</P>
      <P Name="ShowName">on</P>
      <P Name="BlockRotation">0</P>
      <P Name="BlockMirror">off</P>
    </BlockDefaults>
    <AnnotationDefaults>
      <P Name="HorizontalAlignment">center</P>
      <P Name="VerticalAlignment">middle</P>
      <P Name="ForegroundColor">black</P>
      <P Name="BackgroundColor">white</P>
      <P Name="DropShadow">off</P>
      <P Name="FontName">Helvetica</P>
      <P Name="FontSize">10</P>
      <P Name="FontWeight">normal</P>
      <P Name="FontAngle">normal</P>
      <P Name="UseDisplayTextAsClickCallback">off</P>
    </AnnotationDefaults>
    <LineDefaults>
      <P Name="FontName">Helvetica</P>
      <P Name="FontSize">9</P>
      <P Name="FontWeight">normal</P>
      <P Name="FontAngle">normal</P>
    </LineDefaults>
    <MaskDefaults>
      <P Name="SelfModifiable">off</P>
      <P Name="IconFrame">on</P>
      <P Name="IconOpaque">on</P>
      <P Name="RunInitForIconRedraw">off</P>
      <P Name="IconRotate">none</P>
      <P Name="PortRotate">default</P>
      <P Name="IconUnits">autoscale</P>
    </MaskDefaults>
    <MaskParameterDefaults>
      <P Name="Evaluate">on</P>
      <P Name="Tunable">on</P>
      <P Name="NeverSave">off</P>
      <P Name="Internal">off</P>
      <P Name="ReadOnly">off</P>
      <P Name="Enabled">on</P>
      <P Name="Visible">on</P>
      <P Name="ToolTip">on</P>
    </MaskParameterDefaults>
    <BlockParameterDefaults>
      <Block BlockType="Constant">
        <P Name="Value">1</P>
        <P Name="VectorParams1D">on</P>
        <P Name="SamplingMode">Sample based</P>
        <P Name="OutMin">[]</P>
        <P Name="OutMax">[]</P>
        <P Name="OutDataTypeStr">Inherit: Inherit from &apos;Constant value&apos;</P>
        <P Name="LockScale">off</P>
        <P Name="SampleTime">inf</P>
        <P Name="FramePeriod">inf</P>
        <P Name="PreserveConstantTs">off</P>
      </Block>
      <Block BlockType="Gain">
        <P Name="Gain">1</P>
        <P Name="Multiplication">Element-wise(K.*u)</P>
        <P Name="ParamMin">[]</P>
        <P Name="ParamMax">[]</P>
        <P Name="ParamDataTypeStr">Inherit: Same as input</P>
        <P Name="OutMin">[]</P>
        <P Name="OutMax">[]</P>
        <P Name="OutDataTypeStr">Inherit: Same as input</P>
        <P Name="LockScale">off</P>
        <P Name="RndMeth">Floor</P>
        <P Name="SaturateOnIntegerOverflow">on</P>
        <P Name="SampleTime">-1</P>
      </Block>
      <Block BlockType="Ground">
      </Block>
      <Block BlockType="Inport">
        <P Name="Port">1</P>
        <P Name="OutputFunctionCall">off</P>
        <P Name="OutMin">[]</P>
        <P Name="OutMax">[]</P>
        <P Name="OutDataTypeStr">Inherit: auto</P>
        <P Name="LockScale">off</P>
        <P Name="BusOutputAsStruct">off</P>
        <P Name="PortDimensions">-1</P>
        <P Name="VarSizeSig">Inherit</P>
        <P Name="SampleTime">-1</P>
        <P Name="SignalType">auto</P>
        <P Name="SamplingMode">auto</P>
        <P Name="LatchByDelayingOutsideSignal">off</P>
        <P Name="LatchInputForFeedbackSignals">off</P>
        <P Name="Interpolate">on</P>
      </Block>
      <Block BlockType="Outport">
        <P Name="Port">1</P>
        <P Name="OutMin">[]</P>
        <P Name="OutMax">[]</P>
        <P Name="OutDataTypeStr">Inherit: auto</P>
        <P Name="LockScale">off</P>
        <P Name="BusOutputAsStruct">off</P>
        <P Name="PortDimensions">-1</P>
        <P Name="VarSizeSig">Inherit</P>
        <P Name="SampleTime">-1</P>
        <P Name="SignalType">auto</P>
        <P Name="SamplingMode">auto</P>
        <P Name="SourceOfInitialOutputValue">Dialog</P>
        <P Name="OutputWhenDisabled">held</P>
        <P Name="InitialOutput">[]</P>
      </Block>
      <Block BlockType="Quantizer">
        <P Name="QuantizationInterval">0.5</P>
        <P Name="LinearizeAsGain">on</P>
        <P Name="SampleTime">-1</P>
      </Block>
      <Block BlockType="RateTransition">
        <P Name="Integrity">on</P>
        <P Name="Deterministic">on</P>
        <P Name="X0">0</P>
        <P Name="OutPortSampleTimeOpt">Specify</P>
        <P Name="OutPortSampleTimeMultiple">1</P>
        <P Name="OutPortSampleTime">-1</P>
      </Block>
      <Block BlockType="Saturate">
        <P Name="UpperLimitSource">Dialog</P>
        <P Name="UpperLimit">0.5</P>
        <P Name="LowerLimitSource">Dialog</P>
        <P Name="LowerLimit">-0.5</P>
        <P Name="LinearizeAsGain">on</P>
        <P Name="ZeroCross">on</P>
        <P Name="SampleTime">-1</P>
        <P Name="OutMin">[]</P>
        <P Name="OutMax">[]</P>
        <P Name="OutDataTypeStr">Inherit: Same as input</P>
        <P Name="LockScale">off</P>
        <P Name="RndMeth">Floor</P>
      </Block>
      <Block BlockType="Scope">
        <P Name="ModelBased">off</P>
        <P Name="TickLabels">OneTimeTick</P>
        <P Name="ZoomMode">on</P>
        <P Name="Grid">on</P>
        <P Name="ShowLegends">off</P>
        <P Name="TimeRange">auto</P>
        <P Name="YMin">-5</P>
        <P Name="YMax">5</P>
        <P Name="SaveToWorkspace">off</P>
        <P Name="SaveName">ScopeData</P>
        <P Name="DataFormat">Array</P>
        <P Name="LimitDataPoints">on</P>
        <P Name="MaxDataPoints">5000</P>
        <P Name="Decimation">1</P>
        <P Name="SampleInput">off</P>
        <P Name="SampleTime">-1</P>
        <P Name="ScrollMode">off</P>
      </Block>
      <Block BlockType="Step">
        <P Name="Time">1</P>
        <P Name="Before">0</P>
        <P Name="After">1</P>
        <P Name="SampleTime">-1</P>
        <P Name="VectorParams1D">on</P>
        <P Name="ZeroCross">on</P>
      </Block>
      <Block BlockType="SubSystem">
        <P Name="ShowPortLabels">FromPortIcon</P>
        <P Name="Permissions">ReadWrite</P>
        <P Name="PermitHierarchicalResolution">All</P>
        <P Name="TreatAsAtomicUnit">off</P>
        <P Name="MinAlgLoopOccurrences">off</P>
        <P Name="PropExecContextOutsideSubsystem">off</P>
        <P Name="CheckFcnCallInpInsideContextMsg">off</P>
        <P Name="SystemSampleTime">-1</P>
        <P Name="RTWSystemCode">Auto</P>
        <P Name="RTWFcnNameOpts">Auto</P>
        <P Name="RTWFileNameOpts">Auto</P>
        <P Name="FunctionInterfaceSpec">void_void</P>
        <P Name="FunctionWithSeparateData">off</P>
        <P Name="RTWMemSecFuncInitTerm">Inherit from model</P>
        <P Name="RTWMemSecFuncExecute">Inherit from model</P>
        <P Name="RTWMemSecDataConstants">Inherit from model</P>
        <P Name="RTWMemSecDataInternal">Inherit from model</P>
        <P Name="RTWMemSecDataParameters">Inherit from model</P>
        <P Name="SimViewingDevice">off</P>
        <P Name="DataTypeOverride">UseLocalSettings</P>
        <P Name="DataTypeOverrideAppliesTo">AllNumericTypes</P>
        <P Name="MinMaxOverflowLogging">UseLocalSettings</P>
        <P Name="Opaque">off</P>
        <P Name="MaskHideContents">off</P>
        <P Name="SFBlockType">NONE</P>
        <P Name="Variant">off</P>
        <P Name="GeneratePreprocessorConditionals">off</P>
        <P Name="ContentPreviewEnabled">off</P>
        <P Name="IsWebBlock">off</P>
      </Block>
      <Block BlockType="Sum">
        <P Name="IconShape">rectangular</P>
        <P Name="Inputs">++</P>
        <P Name="CollapseMode">All dimensions</P>
        <P Name="CollapseDim">1</P>
        <P Name="InputSameDT">on</P>
        <P Name="AccumDataTypeStr">Inherit: Inherit via internal rule</P>
        <P Name="OutMin">[]</P>
        <P Name="OutMax">[]</P>
        <P Name="OutDataTypeStr">Inherit: Same as first input</P>
        <P Name="LockScale">off</P>
        <P Name="RndMeth">Floor</P>
        <P Name="SaturateOnIntegerOverflow">on</P>
        <P Name="SampleTime">-1</P>
      </Block>
      <Block BlockType="Switch">
        <P Name="Criteria">u2 &gt;= Threshold</P>
        <P Name="Threshold">0</P>
        <P Name="InputSameDT">on</P>
        <P Name="OutMin">[]</P>
        <P Name="OutMax">[]</P>
        <P Name="OutDataTypeStr">Inherit: Inherit via internal rule</P>
        <P Name="LockScale">off</P>
        <P Name="RndMeth">Floor</P>
        <P Name="SaturateOnIntegerOverflow">on</P>
        <P Name="ZeroCross">on</P>
        <P Name="SampleTime">-1</P>
        <P Name="AllowDiffInputSizes">off</P>
      </Block>
      <Block BlockType="ToWorkspace">
        <P Name="VariableName">simulink_output</P>
        <P Name="MaxDataPoints">1000</P>
        <P Name="Decimation">1</P>
        <P Name="SaveFormat">Array</P>
        <P Name="Save2DSignal">Inherit from input (this choice will be removed - see release notes)</P>
        <P Name="FixptAsFi">off</P>
        <P Name="NumInputs">1</P>
        <P Name="SampleTime">0</P>
      </Block>
      <Block BlockType="TransferFcn">
        <P Name="Numerator">[1]</P>
        <P Name="Denominator">[1 2 1]</P>
        <P Name="AbsoluteTolerance">auto</P>
        <P Name="ContinuousStateAttributes">&apos;&apos;</P>
        <P Name="Realization">auto</P>
      </Block>
      <Block BlockType="UnitDelay">
        <P Name="InitialCondition">0</P>
        <P Name="InputProcessing">Inherited</P>
        <P Name="SampleTime">1</P>
        <P Name="StateMustResolveToSignalObject">off</P>
        <P Name="CodeGenStateStorageClass">Auto</P>
        <P Name="HasFrameUpgradeWarning">on</P>
      </Block>
      <Block BlockType="ZeroOrderHold">
        <P Name="SampleTime">1</P>
      </Block>
    </BlockParameterDefaults>
    <System>
      <P Name="Location">[-7, 0, 1371, 684]</P>
      <P Name="Open">on</P>
      <P Name="TiledPaperMargins">[1.270000, 1.270000, 1.270000, 1.270000]</P>
      <P Name="ZoomFactor">125</P>
      <P Name="ReportName">simulink-default.rpt</P>
      <P Name="SIDHighWatermark">55</P>
      <Block BlockType="Sum" Name="Add2" SID="9">
        <P Name="Ports">[2, 1]</P>
        <P Name="Position">[225, 192, 255, 223]</P>
        <P Name="ZOrder">15</P>
        <P Name="Inputs">+-</P>
        <P Name="InputSameDT">off</P>
        <P Name="OutDataTypeStr">Inherit: Inherit via internal rule</P>
        <P Name="SaturateOnIntegerOverflow">off</P>
      </Block>
      <Block BlockType="Constant" Name="Constant2" SID="46">
        <P Name="Position">[775, 65, 830, 95]</P>
        <P Name="ZOrder">49</P>
        <P Name="Value">przelacz3</P>
      </Block>
      <Block BlockType="Ground" Name="Ground1" SID="47">
        <P Name="Position">[810, 120, 830, 140]</P>
        <P Name="ZOrder">50</P>
      </Block>
      <Block BlockType="Saturate" Name="Kp_Sat" SID="4">
        <P Name="Ports">[1, 1]</P>
        <P Name="Position">[650, 205, 680, 235]</P>
        <P Name="ZOrder">10</P>
        <P Name="InputPortMap">u0</P>
        <P Name="UpperLimit">1.5*Un</P>
        <P Name="LowerLimit">-1.5*Un</P>
      </Block>
      <Block BlockType="Gain" Name="Kt" SID="15">
        <P Name="Position">[610, 340, 640, 370]</P>
        <P Name="ZOrder">21</P>
        <P Name="BlockMirror">on</P>
        <P Name="Gain">Kt</P>
        <P Name="ParamDataTypeStr">Inherit: Inherit via internal rule</P>
        <P Name="OutDataTypeStr">Inherit: Inherit via internal rule</P>
        <P Name="SaturateOnIntegerOverflow">off</P>
      </Block>
      <Block BlockType="Step" Name="Mn" SID="10">
        <P Name="Position">[800, 20, 830, 50]</P>
        <P Name="ZOrder">16</P>
        <P Name="Time">Top</P>
        <P Name="After">Mn</P>
        <P Name="SampleTime">0</P>
      </Block>
      <Block BlockType="Quantizer" Name="Quantizer" SID="53">
        <P Name="Position">[450, 280, 480, 310]</P>
        <P Name="ZOrder">53</P>
        <P Name="BlockMirror">on</P>
        <P Name="QuantizationInterval">Tp*150</P>
      </Block>
      <Block BlockType="Quantizer" Name="Quantizer1" SID="54">
        <P Name="Position">[450, 340, 480, 370]</P>
        <P Name="ZOrder">54</P>
        <P Name="BlockMirror">on</P>
        <P Name="QuantizationInterval">Tp*150</P>
      </Block>
      <Block BlockType="Quantizer" Name="Quantizer2" SID="55">
        <P Name="Position">[145, 185, 175, 215]</P>
        <P Name="ZOrder">55</P>
        <P Name="QuantizationInterval">Tp*150</P>
      </Block>
      <Block BlockType="RateTransition" Name="Rate Transition" SID="38">
        <P Name="Position">[530, 199, 570, 241]</P>
        <P Name="ZOrder">34</P>
      </Block>
      <Block BlockType="SubSystem" Name="Regulator&#xA;prądu&#xA;(dyskretny)" SID="29">
        <P Name="Ports">[1, 1]</P>
        <P Name="Position">[460, 207, 510, 233]</P>
        <P Name="ZOrder">33</P>
        <P Name="RequestExecContextInheritance">off</P>
        <System>
          <P Name="Location">[-8, 0, 1608, 684]</P>
          <P Name="Open">off</P>
          <P Name="TiledPaperMargins">[1.270000, 1.270000, 1.270000, 1.270000]</P>
          <P Name="ZoomFactor">100</P>
          <Block BlockType="Inport" Name="We" SID="30">
            <P Name="Position">[20, 28, 50, 42]</P>
            <P Name="ZOrder">30</P>
            <P Name="IconDisplay">Port number</P>
          </Block>
          <Block BlockType="Saturate" Name="Saturation" SID="50">
            <P Name="Ports">[1, 1]</P>
            <P Name="Position">[290, 35, 320, 65]</P>
            <P Name="ZOrder">33</P>
            <P Name="InputPortMap">u0</P>
            <P Name="UpperLimit">10</P>
            <P Name="LowerLimit">-10</P>
          </Block>
          <Block BlockType="Sum" Name="Sum" SID="32">
            <P Name="Ports">[3, 1]</P>
            <P Name="Position">[245, 25, 265, 75]</P>
            <P Name="ZOrder">27</P>
            <P Name="ShowName">off</P>
            <P Name="Inputs">+++</P>
            <P Name="InputSameDT">off</P>
            <P Name="OutDataTypeStr">Inherit: Inherit via internal rule</P>
            <P Name="SaturateOnIntegerOverflow">off</P>
          </Block>
          <Block BlockType="Gain" Name="Wzmocnienie" SID="33">
            <P Name="Position">[105, 20, 135, 50]</P>
            <P Name="ZOrder">24</P>
            <P Name="Gain">K1I</P>
            <P Name="ParamDataTypeStr">Inherit: Inherit via internal rule</P>
            <P Name="OutDataTypeStr">Inherit: Inherit via internal rule</P>
            <P Name="SaturateOnIntegerOverflow">off</P>
          </Block>
          <Block BlockType="Gain" Name="Wzmocnienie 2" SID="34">
            <P Name="Position">[140, 75, 170, 105]</P>
            <P Name="ZOrder">25</P>
            <P Name="Gain">K2I</P>
            <P Name="ParamDataTypeStr">Inherit: Inherit via internal rule</P>
            <P Name="OutDataTypeStr">Inherit: Inherit via internal rule</P>
            <P Name="SaturateOnIntegerOverflow">off</P>
          </Block>
          <Block BlockType="UnitDelay" Name="z1" SID="35">
            <P Name="Position">[85, 73, 120, 107]</P>
            <P Name="ZOrder">28</P>
            <P Name="InputProcessing">Elements as channels (sample based)</P>
            <P Name="SampleTime">Tp</P>
          </Block>
          <Block BlockType="UnitDelay" Name="z2" SID="36">
            <P Name="Position">[285, 88, 320, 122]</P>
            <P Name="ZOrder">29</P>
            <P Name="BlockMirror">on</P>
            <P Name="InputProcessing">Elements as channels (sample based)</P>
            <P Name="SampleTime">Tp</P>
          </Block>
          <Block BlockType="Outport" Name="Wy" SID="37">
            <P Name="Position">[375, 43, 405, 57]</P>
            <P Name="ZOrder">31</P>
            <P Name="IconDisplay">Port number</P>
          </Block>
          <Line>
            <P Name="ZOrder">1</P>
            <P Name="Src">30#out:1</P>
            <P Name="Points">[12, 0]</P>
            <Branch>
              <P Name="ZOrder">2</P>
              <P Name="Points">[0, 55]</P>
              <P Name="Dst">35#in:1</P>
            </Branch>
            <Branch>
              <P Name="ZOrder">3</P>
              <P Name="Dst">33#in:1</P>
            </Branch>
          </Line>
          <Line>
            <P Name="ZOrder">4</P>
            <P Name="Src">36#out:1</P>
            <P Name="Points">[-60, 0; 0, -40]</P>
            <P Name="Dst">32#in:3</P>
          </Line>
          <Line>
            <P Name="ZOrder">5</P>
            <P Name="Src">33#out:1</P>
            <P Name="Dst">32#in:1</P>
          </Line>
          <Line>
            <P Name="ZOrder">6</P>
            <P Name="Src">32#out:1</P>
            <P Name="Dst">50#in:1</P>
          </Line>
          <Line>
            <P Name="ZOrder">7</P>
            <P Name="Src">34#out:1</P>
            <P Name="Points">[20, 0; 0, -40]</P>
            <P Name="Dst">32#in:2</P>
          </Line>
          <Line>
            <P Name="ZOrder">8</P>
            <P Name="Src">35#out:1</P>
            <P Name="Dst">34#in:1</P>
          </Line>
          <Line>
            <P Name="ZOrder">9</P>
            <P Name="Src">50#out:1</P>
            <P Name="Points">[12, 0]</P>
            <Branch>
              <P Name="ZOrder">10</P>
              <P Name="Dst">37#in:1</P>
            </Branch>
            <Branch>
              <P Name="ZOrder">11</P>
              <P Name="Points">[0, 55]</P>
              <P Name="Dst">36#in:1</P>
            </Branch>
          </Line>
        </System>
      </Block>
      <Block BlockType="SubSystem" Name="Regulator&#xA;prędkości&#xA;(dyskretny)" SID="24">
        <P Name="Ports">[1, 1]</P>
        <P Name="Position">[275, 195, 320, 225]</P>
        <P Name="ZOrder">30</P>
        <P Name="RequestExecContextInheritance">off</P>
        <System>
          <P Name="Location">[-7, 0, 1371, 684]</P>
          <P Name="Open">off</P>
          <P Name="TiledPaperMargins">[1.270000, 1.270000, 1.270000, 1.270000]</P>
          <P Name="ZoomFactor">125</P>
          <Block BlockType="Inport" Name="We" SID="25">
            <P Name="Position">[20, 28, 50, 42]</P>
            <P Name="ZOrder">30</P>
            <P Name="IconDisplay">Port number</P>
          </Block>
          <Block BlockType="Saturate" Name="Saturation" SID="49">
            <P Name="Ports">[1, 1]</P>
            <P Name="Position">[290, 35, 320, 65]</P>
            <P Name="ZOrder">32</P>
            <P Name="InputPortMap">u0</P>
            <P Name="UpperLimit">10</P>
            <P Name="LowerLimit">-10</P>
          </Block>
          <Block BlockType="Sum" Name="Sum" SID="21">
            <P Name="Ports">[3, 1]</P>
            <P Name="Position">[245, 25, 265, 75]</P>
            <P Name="ZOrder">27</P>
            <P Name="ShowName">off</P>
            <P Name="Inputs">+-+</P>
            <P Name="InputSameDT">off</P>
            <P Name="OutDataTypeStr">Inherit: Inherit via internal rule</P>
            <P Name="SaturateOnIntegerOverflow">off</P>
          </Block>
          <Block BlockType="Gain" Name="Wzmocnienie" SID="18">
            <P Name="Position">[105, 20, 135, 50]</P>
            <P Name="ZOrder">24</P>
            <P Name="Gain">K1</P>
            <P Name="ParamDataTypeStr">Inherit: Inherit via internal rule</P>
            <P Name="OutDataTypeStr">Inherit: Inherit via internal rule</P>
            <P Name="SaturateOnIntegerOverflow">off</P>
          </Block>
          <Block BlockType="Gain" Name="Wzmocnienie 2" SID="19">
            <P Name="Position">[150, 70, 180, 100]</P>
            <P Name="ZOrder">25</P>
            <P Name="Gain">K2</P>
            <P Name="ParamDataTypeStr">Inherit: Inherit via internal rule</P>
            <P Name="OutDataTypeStr">Inherit: Inherit via internal rule</P>
            <P Name="SaturateOnIntegerOverflow">off</P>
          </Block>
          <Block BlockType="UnitDelay" Name="z1" SID="22">
            <P Name="Position">[90, 68, 125, 102]</P>
            <P Name="ZOrder">28</P>
            <P Name="InputProcessing">Elements as channels (sample based)</P>
            <P Name="SampleTime">Tp</P>
          </Block>
          <Block BlockType="UnitDelay" Name="z2" SID="23">
            <P Name="Position">[285, 88, 320, 122]</P>
            <P Name="ZOrder">29</P>
            <P Name="BlockMirror">on</P>
            <P Name="InputProcessing">Elements as channels (sample based)</P>
            <P Name="SampleTime">Tp</P>
          </Block>
          <Block BlockType="Outport" Name="Wy" SID="26">
            <P Name="Position">[375, 43, 405, 57]</P>
            <P Name="ZOrder">31</P>
            <P Name="IconDisplay">Port number</P>
          </Block>
          <Line>
            <P Name="ZOrder">1</P>
            <P Name="Src">25#out:1</P>
            <P Name="Points">[17, 0]</P>
            <Branch>
              <P Name="ZOrder">2</P>
              <P Name="Points">[0, 50]</P>
              <P Name="Dst">22#in:1</P>
            </Branch>
            <Branch>
              <P Name="ZOrder">3</P>
              <P Name="Dst">18#in:1</P>
            </Branch>
          </Line>
          <Line>
            <P Name="ZOrder">4</P>
            <P Name="Src">23#out:1</P>
            <P Name="Points">[-60, 0; 0, -40]</P>
            <P Name="Dst">21#in:3</P>
          </Line>
          <Line>
            <P Name="ZOrder">5</P>
            <P Name="Src">18#out:1</P>
            <P Name="Dst">21#in:1</P>
          </Line>
          <Line>
            <P Name="ZOrder">6</P>
            <P Name="Src">21#out:1</P>
            <P Name="Dst">49#in:1</P>
          </Line>
          <Line>
            <P Name="ZOrder">7</P>
            <P Name="Src">19#out:1</P>
            <P Name="Points">[15, 0; 0, -35]</P>
            <P Name="Dst">21#in:2</P>
          </Line>
          <Line>
            <P Name="ZOrder">8</P>
            <P Name="Src">22#out:1</P>
            <P Name="Dst">19#in:1</P>
          </Line>
          <Line>
            <P Name="ZOrder">9</P>
            <P Name="Src">49#out:1</P>
            <P Name="Points">[12, 0]</P>
            <Branch>
              <P Name="ZOrder">10</P>
              <P Name="Dst">26#in:1</P>
            </Branch>
            <Branch>
              <P Name="ZOrder">11</P>
              <P Name="Points">[0, 55]</P>
              <P Name="Dst">23#in:1</P>
            </Branch>
          </Line>
        </System>
      </Block>
      <Block BlockType="Scope" Name="Scope" SID="43">
        <P Name="Ports">[3]</P>
        <P Name="Position">[1120, 353, 1160, 417]</P>
        <P Name="ZOrder">39</P>
        <P Name="Floating">off</P>
        <P Name="Location">[11, 62, 960, 917]</P>
        <P Name="Open">off</P>
        <P Name="NumInputPorts">3</P>
        <List ListType="AxesTitles">
          <P Name="axes1">%&lt;SignalLabel&gt;</P>
          <P Name="axes2">%&lt;SignalLabel&gt;</P>
          <P Name="axes3">%&lt;SignalLabel&gt;</P>
        </List>
        <List ListType="ScopeGraphics">
          <P Name="FigureColor">[0.5 0.5 0.5]</P>
          <P Name="AxesColor">[0 0 0]</P>
          <P Name="AxesTickColor">[1 1 1]</P>
          <P Name="LineColors">[1 1 0;1 0 1;0 1 1;1 0 0;0 1 0;0 0 1]</P>
          <P Name="LineStyles">-|-|-|-|-|-</P>
          <P Name="LineWidths">[0.5 0.5 0.5 0.5 0.5 0.5]</P>
          <P Name="MarkerStyles">none|none|none|none|none|none</P>
        </List>
        <P Name="YMin">-5~-5~-5</P>
        <P Name="YMax">5~5~5</P>
        <P Name="LimitDataPoints">off</P>
      </Block>
      <Block BlockType="Sum" Name="Sum1" SID="28">
        <P Name="Ports">[2, 1]</P>
        <P Name="Position">[400, 202, 430, 233]</P>
        <P Name="ZOrder">32</P>
        <P Name="Inputs">+-</P>
        <P Name="InputSameDT">off</P>
        <P Name="OutDataTypeStr">Inherit: Inherit via internal rule</P>
        <P Name="SaturateOnIntegerOverflow">off</P>
      </Block>
      <Block BlockType="Sum" Name="Sum2" SID="5">
        <P Name="Ports">[2, 1]</P>
        <P Name="Position">[720, 212, 750, 243]</P>
        <P Name="ZOrder">11</P>
        <P Name="Inputs">+-</P>
        <P Name="InputSameDT">off</P>
        <P Name="OutDataTypeStr">Inherit: Inherit via internal rule</P>
        <P Name="SaturateOnIntegerOverflow">off</P>
      </Block>
      <Block BlockType="Sum" Name="Sum3" SID="8">
        <P Name="Ports">[2, 1]</P>
        <P Name="Position">[935, 207, 965, 238]</P>
        <P Name="ZOrder">14</P>
        <P Name="Inputs">-+</P>
        <P Name="InputSameDT">off</P>
        <P Name="OutDataTypeStr">Inherit: Inherit via internal rule</P>
        <P Name="SaturateOnIntegerOverflow">off</P>
      </Block>
      <Block BlockType="TransferFcn" Name="Transfer Fcn1" SID="11">
        <P Name="Position">[985, 207, 1045, 243]</P>
        <P Name="ZOrder">17</P>
        <P Name="Denominator">[J 0]</P>
      </Block>
      <Block BlockType="TransferFcn" Name="Twornik" SID="6">
        <P Name="Position">[770, 212, 830, 248]</P>
        <P Name="ZOrder">12</P>
        <P Name="Numerator">[1/R]</P>
        <P Name="Denominator">[T 1]</P>
      </Block>
      <Block BlockType="Step" Name="Ur" SID="1">
        <P Name="Position">[20, 185, 50, 215]</P>
        <P Name="ZOrder">1</P>
        <P Name="Time">0</P>
        <P Name="After">Kt*omegan</P>
        <P Name="SampleTime">0</P>
      </Block>
      <Block BlockType="Gain" Name="Y" SID="14">
        <P Name="Position">[610, 280, 640, 310]</P>
        <P Name="ZOrder">20</P>
        <P Name="BlockMirror">on</P>
        <P Name="Gain">Y</P>
        <P Name="ParamDataTypeStr">Inherit: Inherit via internal rule</P>
        <P Name="OutDataTypeStr">Inherit: Inherit via internal rule</P>
        <P Name="SaturateOnIntegerOverflow">off</P>
      </Block>
      <Block BlockType="Switch" Name="Zal moment" SID="45">
        <P Name="Position">[870, 60, 920, 100]</P>
        <P Name="ZOrder">48</P>
        <P Name="Criteria">u2 ~= 0</P>
        <P Name="InputSameDT">off</P>
        <P Name="SaturateOnIntegerOverflow">off</P>
      </Block>
      <Block BlockType="ZeroOrderHold" Name="Zero-Order&#xA;Hold" SID="44">
        <P Name="Position">[75, 185, 110, 215]</P>
        <P Name="ZOrder">40</P>
        <P Name="SampleTime">Tp</P>
      </Block>
      <Block BlockType="ZeroOrderHold" Name="Zero-Order&#xA;Hold1" SID="12">
        <P Name="Position">[555, 280, 590, 310]</P>
        <P Name="ZOrder">18</P>
        <P Name="BlockMirror">on</P>
        <P Name="SampleTime">Tp</P>
      </Block>
      <Block BlockType="ZeroOrderHold" Name="Zero-Order&#xA;Hold2" SID="13">
        <P Name="Position">[555, 340, 590, 370]</P>
        <P Name="ZOrder">19</P>
        <P Name="BlockMirror">on</P>
        <P Name="SampleTime">Tp</P>
      </Block>
      <Block BlockType="ToWorkspace" Name="napięcie silnika" SID="39">
        <P Name="Ports">[1]</P>
        <P Name="Position">[720, 155, 780, 185]</P>
        <P Name="ZOrder">35</P>
        <P Name="VariableName">us</P>
        <P Name="MaxDataPoints">inf</P>
        <P Name="SaveFormat">Structure With Time</P>
        <P Name="FixptAsFi">on</P>
        <P Name="SampleTime">-1</P>
      </Block>
      <Block BlockType="ToWorkspace" Name="predkosc" SID="41">
        <P Name="Ports">[1]</P>
        <P Name="Position">[1105, 210, 1180, 240]</P>
        <P Name="ZOrder">37</P>
        <P Name="VariableName">domegapipi</P>
        <P Name="MaxDataPoints">inf</P>
        <P Name="SaveFormat">Structure With Time</P>
        <P Name="FixptAsFi">on</P>
        <P Name="SampleTime">-1</P>
      </Block>
      <Block BlockType="Gain" Name="przekszt. tyr." SID="3">
        <P Name="Position">[600, 205, 630, 235]</P>
        <P Name="ZOrder">9</P>
        <P Name="Gain">Kp</P>
        <P Name="ParamDataTypeStr">Inherit: Inherit via internal rule</P>
        <P Name="OutDataTypeStr">Inherit: Inherit via internal rule</P>
        <P Name="SaturateOnIntegerOverflow">off</P>
      </Block>
      <Block BlockType="ToWorkspace" Name="prąd silnika" SID="42">
        <P Name="Ports">[1]</P>
        <P Name="Position">[865, 130, 925, 160]</P>
        <P Name="ZOrder">38</P>
        <P Name="VariableName">dltpipi</P>
        <P Name="MaxDataPoints">inf</P>
        <P Name="SaveFormat">Structure With Time</P>
        <P Name="FixptAsFi">on</P>
        <P Name="SampleTime">-1</P>
      </Block>
      <Block BlockType="Gain" Name="strum." SID="7">
        <P Name="Position">[855, 215, 915, 245]</P>
        <P Name="ZOrder">13</P>
        <P Name="Gain">psien</P>
        <P Name="ParamDataTypeStr">Inherit: Inherit via internal rule</P>
        <P Name="OutDataTypeStr">Inherit: Inherit via internal rule</P>
        <P Name="SaturateOnIntegerOverflow">off</P>
      </Block>
      <Block BlockType="Gain" Name="strum.1" SID="40">
        <P Name="Position">[855, 260, 915, 290]</P>
        <P Name="ZOrder">36</P>
        <P Name="BlockMirror">on</P>
        <P Name="Gain">psien</P>
        <P Name="ParamDataTypeStr">Inherit: Inherit via internal rule</P>
        <P Name="OutDataTypeStr">Inherit: Inherit via internal rule</P>
        <P Name="SaturateOnIntegerOverflow">off</P>
      </Block>
      <Block BlockType="Saturate" Name="uz0" SID="27">
        <P Name="Ports">[1, 1]</P>
        <P Name="Position">[340, 195, 370, 225]</P>
        <P Name="ZOrder">31</P>
        <P Name="InputPortMap">u0</P>
        <P Name="UpperLimit">Uz0</P>
        <P Name="LowerLimit">-Uz0</P>
      </Block>
      <Line>
        <P Name="ZOrder">1</P>
        <P Name="Src">3#out:1</P>
        <P Name="Dst">4#in:1</P>
      </Line>
      <Line>
        <P Name="ZOrder">2</P>
        <P Name="Src">4#out:1</P>
        <P Name="Points">[11, 0]</P>
        <Branch>
          <P Name="ZOrder">3</P>
          <P Name="Points">[0, 145]</P>
          <P Name="Dst">43#in:1</P>
        </Branch>
        <Branch>
          <P Name="ZOrder">4</P>
          <P Name="Points">[0, -50]</P>
          <P Name="Dst">39#in:1</P>
        </Branch>
        <Branch>
          <P Name="ZOrder">5</P>
          <P Name="Dst">5#in:1</P>
        </Branch>
      </Line>
      <Line>
        <P Name="ZOrder">6</P>
        <P Name="Src">5#out:1</P>
        <P Name="Dst">6#in:1</P>
      </Line>
      <Line>
        <P Name="ZOrder">7</P>
        <P Name="Src">6#out:1</P>
        <P Name="Points">[1, 0]</P>
        <Branch>
          <P Name="ZOrder">8</P>
          <P Name="Points">[0, -85]</P>
          <P Name="Dst">42#in:1</P>
        </Branch>
        <Branch>
          <P Name="ZOrder">9</P>
          <P Name="Points">[0, 65]</P>
          <Branch>
            <P Name="ZOrder">10</P>
            <P Name="Points">[0, 90]</P>
            <P Name="Dst">43#in:2</P>
          </Branch>
          <Branch>
            <P Name="ZOrder">11</P>
            <P Name="Dst">14#in:1</P>
          </Branch>
        </Branch>
        <Branch>
          <P Name="ZOrder">12</P>
          <P Name="Dst">7#in:1</P>
        </Branch>
      </Line>
      <Line>
        <P Name="ZOrder">13</P>
        <P Name="Src">7#out:1</P>
        <P Name="Dst">8#in:2</P>
      </Line>
      <Line>
        <P Name="ZOrder">14</P>
        <P Name="Src">8#out:1</P>
        <P Name="Dst">11#in:1</P>
      </Line>
      <Line>
        <P Name="ZOrder">15</P>
        <P Name="Src">14#out:1</P>
        <P Name="Dst">12#in:1</P>
      </Line>
      <Line>
        <P Name="ZOrder">16</P>
        <P Name="Src">15#out:1</P>
        <P Name="Dst">13#in:1</P>
      </Line>
      <Line>
        <P Name="ZOrder">17</P>
        <P Name="Src">9#out:1</P>
        <P Name="Dst">24#in:1</P>
      </Line>
      <Line>
        <P Name="ZOrder">18</P>
        <P Name="Src">24#out:1</P>
        <P Name="Dst">27#in:1</P>
      </Line>
      <Line>
        <P Name="ZOrder">19</P>
        <P Name="Src">27#out:1</P>
        <P Name="Dst">28#in:1</P>
      </Line>
      <Line>
        <P Name="ZOrder">20</P>
        <P Name="Src">28#out:1</P>
        <P Name="Dst">29#in:1</P>
      </Line>
      <Line>
        <P Name="ZOrder">21</P>
        <P Name="Src">29#out:1</P>
        <P Name="Dst">38#in:1</P>
      </Line>
      <Line>
        <P Name="ZOrder">22</P>
        <P Name="Src">38#out:1</P>
        <P Name="Dst">3#in:1</P>
      </Line>
      <Line>
        <P Name="ZOrder">23</P>
        <P Name="Src">40#out:1</P>
        <P Name="Points">[-145, 0]</P>
        <P Name="Dst">5#in:2</P>
      </Line>
      <Line>
        <P Name="ZOrder">24</P>
        <P Name="Src">11#out:1</P>
        <P Name="Points">[9, 0]</P>
        <Branch>
          <P Name="ZOrder">25</P>
          <P Name="Points">[18, 0]</P>
          <Branch>
            <P Name="ZOrder">26</P>
            <P Name="Points">[0, 130; -54, 0]</P>
            <Branch>
              <P Name="ZOrder">27</P>
              <P Name="Points">[0, 50]</P>
              <P Name="Dst">43#in:3</P>
            </Branch>
            <Branch>
              <P Name="ZOrder">28</P>
              <P Name="Dst">15#in:1</P>
            </Branch>
          </Branch>
          <Branch>
            <P Name="ZOrder">29</P>
            <P Name="Dst">41#in:1</P>
          </Branch>
        </Branch>
        <Branch>
          <P Name="ZOrder">30</P>
          <P Name="Points">[0, 50]</P>
          <P Name="Dst">40#in:1</P>
        </Branch>
      </Line>
      <Line>
        <P Name="ZOrder">31</P>
        <P Name="Src">1#out:1</P>
        <P Name="Dst">44#in:1</P>
      </Line>
      <Line>
        <P Name="ZOrder">32</P>
        <P Name="Src">10#out:1</P>
        <P Name="Points">[15, 0; 0, 30]</P>
        <P Name="Dst">45#in:1</P>
      </Line>
      <Line>
        <P Name="ZOrder">33</P>
        <P Name="Src">45#out:1</P>
        <P Name="Points">[15, 0; 0, 110; -20, 0]</P>
        <P Name="Dst">8#in:1</P>
      </Line>
      <Line>
        <P Name="ZOrder">34</P>
        <P Name="Src">46#out:1</P>
        <P Name="Dst">45#in:2</P>
      </Line>
      <Line>
        <P Name="ZOrder">35</P>
        <P Name="Src">47#out:1</P>
        <P Name="Points">[9, 0; 0, -35]</P>
        <P Name="Dst">45#in:3</P>
      </Line>
      <Line>
        <P Name="ZOrder">36</P>
        <P Name="Src">44#out:1</P>
        <P Name="Dst">55#in:1</P>
      </Line>
      <Line>
        <P Name="ZOrder">37</P>
        <P Name="Src">13#out:1</P>
        <P Name="Dst">54#in:1</P>
      </Line>
      <Line>
        <P Name="ZOrder">40</P>
        <P Name="Src">12#out:1</P>
        <P Name="Dst">53#in:1</P>
      </Line>
      <Line>
        <P Name="ZOrder">41</P>
        <P Name="Src">53#out:1</P>
        <P Name="Points">[-60, 0]</P>
        <P Name="Dst">28#in:2</P>
      </Line>
      <Line>
        <P Name="ZOrder">42</P>
        <P Name="Src">54#out:1</P>
        <P Name="Points">[-235, 0]</P>
        <P Name="Dst">9#in:2</P>
      </Line>
      <Line>
        <P Name="ZOrder">43</P>
        <P Name="Src">55#out:1</P>
        <P Name="Dst">9#in:1</P>
      </Line>
    </System>
  </Model>
</ModelInformation>
