<?xml version="1.0" encoding="UTF-8"?>
<sltp_graph version="1.1" packageUris="http://schema.mathworks.com/mf0/sltp_mm/R2018b_201805251631">
  <sltp.mm.core.Context type="sltp.mm.core.Context" uuid="067d69fd-5a90-44c6-bc5b-4b6be343cff1">
    <priorityDirection>HighNumberLast</priorityDirection>
    <tasks type="sltp.mm.core.Task" uuid="35e879fd-30b9-4069-9914-90cf797a4554"/>
    <tasks type="sltp.mm.core.Task" uuid="64df79c1-e3cb-4372-8ac5-5b916a818b25"/>
    <rootTask type="sltp.mm.core.Task" uuid="35e879fd-30b9-4069-9914-90cf797a4554">
      <context type="sltp.mm.core.Context" uuid="067d69fd-5a90-44c6-bc5b-4b6be343cff1"/>
      <explicit>false</explicit>
      <name>Default</name>
      <priority>-2147483648</priority>
      <subgraph type="sltp.mm.core.Graph" uuid="342412ae-0ff1-43ac-95f6-eb21e4d9966e">
        <tasks type="sltp.mm.core.Task" uuid="64df79c1-e3cb-4372-8ac5-5b916a818b25">
          <baseTask>true</baseTask>
          <context type="sltp.mm.core.Context" uuid="067d69fd-5a90-44c6-bc5b-4b6be343cff1"/>
          <explicit>false</explicit>
          <id>1</id>
          <name>Cont</name>
          <priority>40</priority>
          <rates type="sltp.mm.core.Rate" uuid="b1de9a9f-9f24-4a80-822a-a6cff8adf780">
            <color>255</color>
            <rateSpec type="sltp.mm.core.RateSpec">
              <period>0</period>
            </rateSpec>
            <sti>-1</sti>
          </rates>
        </tasks>
      </subgraph>
    </rootTask>
  </sltp.mm.core.Context>
</sltp_graph>