<?xml version="1.0" encoding="UTF-8"?>
<sltp_editor version="1.1" packageUris="http://schema.mathworks.com/mf0/DiagramEditor/19700101 http://schema.mathworks.com/mf0/SltpSyntax/R2018b_201805311549">
  <diagram.editor.model.Diagram type="diagram.editor.model.Diagram" uuid="76c09252-31ce-4b36-b756-1a9265411fd7">
    <entities type="diagram.editor.model.Entity" uuid="07ffcdb3-26a3-4b35-b814-425345afc215">
      <position type="diagram.editor.model.Point"/>
      <size type="diagram.editor.model.Rect">
        <height>100</height>
        <width>100</width>
      </size>
      <syntaxElement type="sltp.mm.syntax.Node" uuid="329cd0a3-ce52-4374-bc8f-7365d6f47496"/>
      <title>Cont</title>
      <type>base</type>
      <subDiagram type="diagram.editor.model.Diagram" uuid="3ed39bb2-3850-4845-b078-e252a1eea84c">
        <position type="diagram.editor.model.Point"/>
        <size empty="true"/>
        <syntaxElement type="sltp.mm.syntax.Graph" uuid="660ae8f8-ce18-469c-bdd6-cd46a74b84f4"/>
        <title>Cont</title>
        <type>graph.Graph</type>
      </subDiagram>
    </entities>
    <position empty="true"/>
    <size empty="true"/>
    <syntaxElement type="sltp.mm.syntax.Graph" uuid="aaac3c3b-13a9-47f4-9a55-44948db46958"/>
    <title>Default</title>
    <type>graph.Graph</type>
  </diagram.editor.model.Diagram>
  <sltp.mm.syntax.Graph type="sltp.mm.syntax.Graph" uuid="aaac3c3b-13a9-47f4-9a55-44948db46958">
    <children type="sltp.mm.syntax.Node" uuid="329cd0a3-ce52-4374-bc8f-7365d6f47496">
      <priority>40</priority>
      <rates type="sltp.mm.syntax.RateData">
        <color>#000000</color>
        <rate>0</rate>
      </rates>
      <title>Cont</title>
      <type>base</type>
      <diagramElement type="diagram.editor.model.Entity" uuid="07ffcdb3-26a3-4b35-b814-425345afc215"/>
      <subgraph type="sltp.mm.syntax.Graph" uuid="660ae8f8-ce18-469c-bdd6-cd46a74b84f4">
        <title>Cont</title>
        <diagramElement type="diagram.editor.model.Diagram" uuid="3ed39bb2-3850-4845-b078-e252a1eea84c"/>
      </subgraph>
    </children>
    <title>Default</title>
    <diagramElement type="diagram.editor.model.Diagram" uuid="76c09252-31ce-4b36-b756-1a9265411fd7"/>
  </sltp.mm.syntax.Graph>
</sltp_editor>